va,obj,size,span,name
0x00010010,1,587,587,func_00010010
0x0001025B,1,810,810,func_0001025B
0x00010585,1,1393,1393,func_00010585
0x00010AF6,1,27,27,func_00010AF6
0x00010B11,1,917,917,func_00010B11
0x00010EA6,1,244,244,func_00010EA6
0x00010F9A,1,90,90,func_00010F9A
0x00010FF4,1,34,34,func_00010FF4
0x00011016,1,651,651,func_00011016
0x000112A1,1,505,505,func_000112A1
0x0001149A,1,485,485,func_0001149A
0x0001167F,1,497,497,func_0001167F
0x00011870,1,282,282,func_00011870
0x0001198A,1,225,225,func_0001198A
0x00011A6B,1,441,441,func_00011A6B
0x00011C24,1,247,247,func_00011C24
0x00011D1B,1,283,283,func_00011D1B
0x00011E36,1,349,349,func_00011E36
0x00011F93,1,344,344,func_00011F93
0x000120EB,1,280,280,func_000120EB
0x00012203,1,238,238,func_00012203
0x000122F1,1,462,462,func_000122F1
0x000124BF,1,385,385,func_000124BF
0x00012640,1,116,116,func_00012640
0x000126B4,1,88,88,func_000126B4
0x0001270C,1,92,92,func_0001270C
0x00012768,1,131,131,func_00012768
0x000127EB,1,183,183,func_000127EB
0x000128A2,1,200,200,func_000128A2
0x0001296A,1,268,268,func_0001296A
0x00012A76,1,325,325,func_00012A76
0x00012BBB,1,384,384,func_00012BBB
0x00012D3B,1,106,106,func_00012D3B
0x00012DA5,1,95,95,func_00012DA5
0x00012E04,1,291,291,func_00012E04
0x00012F27,1,167,167,func_00012F27
0x00012FCE,1,355,355,func_00012FCE
0x00013131,1,116,116,func_00013131
0x000131A5,1,187,187,func_000131A5
0x00013260,1,254,254,func_00013260
0x0001335E,1,218,218,func_0001335E
0x00013438,1,38,38,func_00013438
0x0001345E,1,392,392,func_0001345E
0x000135E6,1,359,359,func_000135E6
0x0001374D,1,407,407,func_0001374D
0x000138E4,1,157,157,func_000138E4
0x00013981,1,127,127,func_00013981
0x00013A00,1,82,82,func_00013A00
0x00013A52,1,100,100,func_00013A52
0x00013AB6,1,416,416,func_00013AB6
0x00013C56,1,215,215,func_00013C56
0x00013D2D,1,137,137,func_00013D2D
0x00013DB6,1,97,97,func_00013DB6
0x00013E17,1,239,239,func_00013E17
0x00013F06,1,69,69,func_00013F06
0x00013F4B,1,253,253,func_00013F4B
0x00014048,1,78,78,func_00014048
0x00014096,1,121,121,func_00014096
0x0001410F,1,549,549,func_0001410F
0x00014334,1,260,260,func_00014334
0x00014438,1,101,101,func_00014438
0x0001449D,1,123,123,func_0001449D
0x00014518,1,181,181,func_00014518
0x000145CD,1,450,450,func_000145CD
0x0001478F,1,196,196,func_0001478F
0x00014853,1,186,186,func_00014853
0x0001490D,1,112,112,func_0001490D
0x0001497D,1,363,363,func_0001497D
0x00014AE8,1,960,960,func_00014AE8
0x00014EA8,1,718,718,func_00014EA8
0x00015176,1,1278,1278,func_00015176
0x00015674,1,988,988,func_00015674
0x00015A50,1,378,378,func_00015A50
0x00015BCA,1,78,78,func_00015BCA
0x00015C18,1,225,225,func_00015C18
0x00015CF9,1,78,78,func_00015CF9
0x00015D47,1,215,215,func_00015D47
0x00015E1E,1,58,58,func_00015E1E
0x00015E58,1,48,48,func_00015E58
0x00015E88,1,48,48,func_00015E88
0x00015EB8,1,48,48,func_00015EB8
0x00015EE8,1,54,54,func_00015EE8
0x00015F1E,1,48,48,func_00015F1E
0x00015F4E,1,386,386,func_00015F4E
0x000160D0,1,95,95,func_000160D0
0x0001612F,1,99,99,func_0001612F
0x00016192,1,47,47,func_00016192
0x000161C1,1,57,57,func_000161C1
0x000161FA,1,46,46,func_000161FA
0x00016228,1,53,53,func_00016228
0x0001625D,1,545,545,func_0001625D
0x0001647E,1,45,45,func_0001647E
0x000164AB,1,34,34,func_000164AB
0x000164CD,1,34,34,func_000164CD
0x000164EF,1,24,24,func_000164EF
0x00016507,1,37,37,func_00016507
0x0001652C,1,151,151,func_0001652C
0x000165C3,1,135,135,func_000165C3
0x0001664A,1,123,123,func_0001664A
0x000166C5,1,578,578,func_000166C5
0x00016907,1,205,205,func_00016907
0x000169D4,1,207,207,func_000169D4
0x00016AA3,1,183,183,func_00016AA3
0x00016B5A,1,55,55,func_00016B5A
0x00016B91,1,246,246,func_00016B91
0x00016C87,1,107,107,func_00016C87
0x00016CF2,1,182,182,func_00016CF2
0x00016DA8,1,185,185,func_00016DA8
0x00016E61,1,275,275,func_00016E61
0x00016F74,1,173,173,func_00016F74
0x00017021,1,52,52,func_00017021
0x00017055,1,185,185,func_00017055
0x0001710E,1,107,107,func_0001710E
0x00017179,1,463,463,func_00017179
0x00017348,1,379,379,func_00017348
0x000174C3,1,1438,1438,func_000174C3
0x00017A61,1,152,152,func_00017A61
0x00017AF9,1,159,159,func_00017AF9
0x00017B98,1,192,192,func_00017B98
0x00017C58,1,151,151,func_00017C58
0x00017CEF,1,244,244,func_00017CEF
0x00017DE3,1,120,120,func_00017DE3
0x00017E5B,1,706,706,func_00017E5B
0x0001811D,1,85,85,func_0001811D
0x00018172,1,187,187,func_00018172
0x0001822D,1,153,153,func_0001822D
0x000182C6,1,115,115,func_000182C6
0x00018339,1,99,99,func_00018339
0x0001839C,1,1282,1282,func_0001839C
0x0001889E,1,560,560,func_0001889E
0x00018ACE,1,270,270,func_00018ACE
0x00018BDC,1,928,928,func_00018BDC
0x00018F7C,1,235,235,func_00018F7C
0x00019067,1,371,371,func_00019067
0x000191DA,1,90,90,func_000191DA
0x00019234,1,186,186,func_00019234
0x000192EE,1,53,53,func_000192EE
0x00019323,1,121,121,func_00019323
0x0001939C,1,65,65,func_0001939C
0x000193DD,1,168,168,func_000193DD
0x00019485,1,59,59,func_00019485
0x000194C0,1,114,114,func_000194C0
0x00019532,1,146,146,func_00019532
0x000195C4,1,86,86,func_000195C4
0x0001961A,1,92,92,func_0001961A
0x00019676,1,5597,5597,func_00019676
0x0001AC53,1,119,119,func_0001AC53
0x0001ACCA,1,87,87,func_0001ACCA
0x0001AD21,1,118,118,func_0001AD21
0x0001AD97,1,118,118,func_0001AD97
0x0001AE0D,1,86,86,func_0001AE0D
0x0001AE63,1,91,91,func_0001AE63
0x0001AEBE,1,59,59,func_0001AEBE
0x0001AEF9,1,220,220,func_0001AEF9
0x0001AFD5,1,154,154,func_0001AFD5
0x0001B06F,1,213,213,func_0001B06F
0x0001B144,1,179,179,func_0001B144
0x0001B1F7,1,55,55,func_0001B1F7
0x0001B22E,1,191,191,func_0001B22E
0x0001B2ED,1,125,125,func_0001B2ED
0x0001B36A,1,174,174,func_0001B36A
0x0001B418,1,88,88,func_0001B418
0x0001B470,1,228,228,func_0001B470
0x0001B554,1,106,106,func_0001B554
0x0001B5BE,1,223,223,func_0001B5BE
0x0001B69D,1,1047,1047,func_0001B69D
0x0001BAB4,1,225,225,func_0001BAB4
0x0001BB95,1,77,77,func_0001BB95
0x0001BBE2,1,312,312,func_0001BBE2
0x0001BD1A,1,130,130,func_0001BD1A
0x0001BD9C,1,107,107,func_0001BD9C
0x0001BE07,1,132,132,func_0001BE07
0x0001BE8B,1,115,115,func_0001BE8B
0x0001BEFE,1,155,155,func_0001BEFE
0x0001BF99,1,132,132,func_0001BF99
0x0001C01D,1,132,132,func_0001C01D
0x0001C0A1,1,162,162,func_0001C0A1
0x0001C143,1,162,162,func_0001C143
0x0001C1E5,1,131,131,func_0001C1E5
0x0001C268,1,86,86,func_0001C268
0x0001C2BE,1,86,86,func_0001C2BE
0x0001C314,1,331,331,func_0001C314
0x0001C45F,1,131,131,func_0001C45F
0x0001C4E2,1,131,131,func_0001C4E2
0x0001C565,1,131,131,func_0001C565
0x0001C5E8,1,115,115,func_0001C5E8
0x0001C65B,1,115,115,func_0001C65B
0x0001C6CE,1,69,69,func_0001C6CE
0x0001C713,1,195,195,func_0001C713
0x0001C7D6,1,264,264,func_0001C7D6
0x0001C8DE,1,130,130,func_0001C8DE
0x0001C960,1,69,69,func_0001C960
0x0001C9A5,1,231,231,func_0001C9A5
0x0001CA8C,1,176,176,func_0001CA8C
0x0001CB3C,1,129,129,func_0001CB3C
0x0001CBBD,1,89,89,func_0001CBBD
0x0001CC16,1,88,88,func_0001CC16
0x0001CC6E,1,88,88,func_0001CC6E
0x0001CCC6,1,144,144,func_0001CCC6
0x0001CD56,1,144,144,func_0001CD56
0x0001CDE6,1,172,172,func_0001CDE6
0x0001CE92,1,172,172,func_0001CE92
0x0001CF3E,1,469,469,func_0001CF3E
0x0001D113,1,99,99,func_0001D113
0x0001D176,1,43,43,func_0001D176
0x0001D1A1,1,335,335,func_0001D1A1
0x0001D2F0,1,378,378,func_0001D2F0
0x0001D46A,1,225,225,func_0001D46A
0x0001D54B,1,289,289,func_0001D54B
0x0001D66C,1,205,205,func_0001D66C
0x0001D739,1,45,45,func_0001D739
0x0001D766,1,327,327,func_0001D766
0x0001D8AD,1,384,384,func_0001D8AD
0x0001DA2D,1,111,111,func_0001DA2D
0x0001DA9C,1,81,81,func_0001DA9C
0x0001DAED,1,293,293,func_0001DAED
0x0001DC12,1,295,295,func_0001DC12
0x0001DD39,1,463,463,func_0001DD39
0x0001DF08,1,119,119,func_0001DF08
0x0001DF7F,1,35,35,func_0001DF7F
0x0001DFA2,1,43,43,func_0001DFA2
0x0001DFCD,1,249,249,func_0001DFCD
0x0001E0C6,1,299,299,func_0001E0C6
0x0001E1F1,1,348,348,func_0001E1F1
0x0001E34D,1,134,134,func_0001E34D
0x0001E3D3,1,303,303,func_0001E3D3
0x0001E502,1,116,116,func_0001E502
0x0001E576,1,158,158,func_0001E576
0x0001E614,1,404,404,func_0001E614
0x0001E7A8,1,172,172,func_0001E7A8
0x0001E854,1,212,212,func_0001E854
0x0001E928,1,778,778,func_0001E928
0x0001EC32,1,592,594,func_0001EC32
0x0001EE84,1,170,170,func_0001EE84
0x0001EF2E,1,407,407,func_0001EF2E
0x0001F0C5,1,152,152,func_0001F0C5
0x0001F15D,1,101,101,func_0001F15D
0x0001F1C2,1,363,363,func_0001F1C2
0x0001F32D,1,143,143,func_0001F32D
0x0001F3BC,1,82,82,func_0001F3BC
0x0001F40E,1,216,216,func_0001F40E
0x0001F4E6,1,24,24,func_0001F4E6
0x0001F4FE,1,39,39,func_0001F4FE
0x0001F525,1,109,109,func_0001F525
0x0001F592,1,107,107,func_0001F592
0x0001F5FD,1,86,86,func_0001F5FD
0x0001F653,1,104,104,func_0001F653
0x0001F6BB,1,39,39,func_0001F6BB
0x0001F6E2,1,209,209,func_0001F6E2
0x0001F7B3,1,236,236,func_0001F7B3
0x0001F89F,1,185,185,func_0001F89F
0x0001F958,1,226,226,func_0001F958
0x0001FA3A,1,120,120,func_0001FA3A
0x0001FAB2,1,141,141,func_0001FAB2
0x0001FB3F,1,182,182,func_0001FB3F
0x0001FBF5,1,391,391,func_0001FBF5
0x0001FD7C,1,209,209,func_0001FD7C
0x0001FE4D,1,39,39,func_0001FE4D
0x0001FE74,1,73,73,func_0001FE74
0x0001FEBD,1,130,130,func_0001FEBD
0x0001FF3F,1,83,83,func_0001FF3F
0x0001FF92,1,95,95,func_0001FF92
0x0001FFF1,1,46,46,func_0001FFF1
0x0002001F,1,56,56,func_0002001F
0x00020057,1,50,50,func_00020057
0x00020089,1,134,134,func_00020089
0x0002010F,1,169,169,func_0002010F
0x000201B8,1,99,99,func_000201B8
0x0002021B,1,170,170,func_0002021B
0x000202C5,1,1838,1838,func_000202C5
0x000209F3,1,456,456,func_000209F3
0x00020BBB,1,154,154,func_00020BBB
0x00020C55,1,50,50,func_00020C55
0x00020C87,1,1284,1284,func_00020C87
0x0002118B,1,1036,1036,func_0002118B
0x00021597,1,108,108,func_00021597
0x00021603,1,125,125,func_00021603
0x00021680,1,154,154,func_00021680
0x0002171A,1,91,91,func_0002171A
0x00021775,1,114,114,func_00021775
0x000217E7,1,465,465,func_000217E7
0x000219B8,1,332,332,func_000219B8
0x00021B04,1,659,659,func_00021B04
0x00021D97,1,989,989,func_00021D97
0x00022174,1,1032,1032,func_00022174
0x0002257C,1,978,978,func_0002257C
0x0002294E,1,2215,2215,func_0002294E
0x000231F5,1,101,101,func_000231F5
0x0002325A,1,596,596,func_0002325A
0x000234AE,1,61,61,func_000234AE
0x000234EB,1,1407,1407,func_000234EB
0x00023A6A,1,520,520,func_00023A6A
0x00023C72,1,164,164,func_00023C72
0x00023D16,1,202,202,func_00023D16
0x00023DE0,1,226,226,func_00023DE0
0x00023EC2,1,227,227,func_00023EC2
0x00023FA5,1,1464,1464,func_00023FA5
0x0002455D,1,146,146,func_0002455D
0x000245EF,1,571,571,func_000245EF
0x0002482A,1,82,82,func_0002482A
0x0002487C,1,130,130,func_0002487C
0x000248FE,1,208,208,func_000248FE
0x000249CE,1,227,227,func_000249CE
0x00024AB1,1,296,296,func_00024AB1
0x00024BD9,1,45,45,func_00024BD9
0x00024C06,1,130,130,func_00024C06
0x00024C88,1,1599,1599,func_00024C88
0x000252C7,1,27,27,func_000252C7
0x000252E2,1,27,27,func_000252E2
0x000252FD,1,67,67,func_000252FD
0x00025340,1,418,418,func_00025340
0x000254E2,1,87,87,func_000254E2
0x00025539,1,126,126,func_00025539
0x000255B7,1,436,436,func_000255B7
0x0002576B,1,177,177,func_0002576B
0x0002581C,1,79,79,func_0002581C
0x0002586B,1,308,308,func_0002586B
0x0002599F,1,574,574,func_0002599F
0x00025BDD,1,1188,1188,func_00025BDD
0x00026081,1,668,668,func_00026081
0x0002631D,1,179,179,func_0002631D
0x000263D0,1,166,166,func_000263D0
0x00026476,1,146,146,func_00026476
0x00026508,1,93,93,func_00026508
0x00026565,1,354,354,func_00026565
0x000266C7,1,150,150,func_000266C7
0x0002675D,1,206,206,func_0002675D
0x0002682B,1,217,217,func_0002682B
0x00026904,1,1161,1161,func_00026904
0x00026D8D,1,250,250,func_00026D8D
0x00026E87,1,251,251,func_00026E87
0x00026F82,1,52,52,func_00026F82
0x00026FB6,1,52,52,func_00026FB6
0x00026FEA,1,75,75,func_00026FEA
0x00027035,1,419,419,func_00027035
0x000271D8,1,143,143,func_000271D8
0x00027267,1,143,143,func_00027267
0x000272F6,1,143,143,func_000272F6
0x00027385,1,143,143,func_00027385
0x00027414,1,53,53,func_00027414
0x00027449,1,53,53,func_00027449
0x0002747E,1,151,151,func_0002747E
0x00027515,1,226,226,func_00027515
0x000275F7,1,74,74,func_000275F7
0x00027641,1,119,119,func_00027641
0x000276B8,1,95,95,func_000276B8
0x00027717,1,106,106,func_00027717
0x00027781,1,123,123,func_00027781
0x000277FC,1,232,232,func_000277FC
0x000278E4,1,99,99,func_000278E4
0x00027947,1,114,114,func_00027947
0x000279B9,1,87,87,func_000279B9
0x00027A10,1,1087,1087,func_00027A10
0x00027E4F,1,767,767,func_00027E4F
0x0002814E,1,97,97,func_0002814E
0x000281AF,1,97,97,func_000281AF
0x00028210,1,139,139,func_00028210
0x0002829B,1,116,116,func_0002829B
0x0002830F,1,143,143,func_0002830F
0x0002839E,1,95,95,func_0002839E
0x000283FD,1,221,221,func_000283FD
0x000284DA,1,109,109,func_000284DA
0x00028547,1,431,431,func_00028547
0x000286F6,1,199,199,func_000286F6
0x000287BD,1,387,387,func_000287BD
0x00028940,1,302,302,func_00028940
0x00028A6E,1,351,351,func_00028A6E
0x00028BCD,1,165,165,func_00028BCD
0x00028C72,1,168,168,func_00028C72
0x00028D1A,1,193,193,func_00028D1A
0x00028DDB,1,34,34,func_00028DDB
0x00028DFD,1,39,39,func_00028DFD
0x00028E24,1,134,134,func_00028E24
0x00028EAA,1,39,39,func_00028EAA
0x00028ED1,1,133,133,func_00028ED1
0x00028F56,1,53,53,func_00028F56
0x00028F8B,1,34,34,func_00028F8B
0x00028FAD,1,304,304,func_00028FAD
0x000290DD,1,488,488,func_000290DD
0x000292C5,1,95,95,func_000292C5
0x00029324,1,285,285,func_00029324
0x00029441,1,79,79,func_00029441
0x00029490,1,85,85,func_00029490
0x000294E5,1,134,134,func_000294E5
0x0002956B,1,83,83,func_0002956B
0x000295BE,1,178,178,func_000295BE
0x00029670,1,200,200,func_00029670
0x00029738,1,130,130,func_00029738
0x000297BA,1,313,313,func_000297BA
0x000298F3,1,101,101,func_000298F3
0x00029958,1,6419,6419,func_00029958
0x0002B26B,1,900,900,func_0002B26B
0x0002B5EF,1,1485,1485,func_0002B5EF
0x0002BBBC,1,196,196,func_0002BBBC
0x0002BC80,1,79,79,func_0002BC80
0x0002BCCF,1,79,79,func_0002BCCF
0x0002BD1E,1,906,906,func_0002BD1E
0x0002C0A8,1,862,862,func_0002C0A8
0x0002C406,1,244,244,func_0002C406
0x0002C4FA,1,143,143,func_0002C4FA
0x0002C589,1,100,100,func_0002C589
0x0002C5ED,1,894,894,func_0002C5ED
0x0002C96B,1,87,87,func_0002C96B
0x0002C9C2,1,238,238,func_0002C9C2
0x0002CAB0,1,132,132,func_0002CAB0
0x0002CB34,1,114,114,func_0002CB34
0x0002CBA6,1,154,154,func_0002CBA6
0x0002CC40,1,204,204,func_0002CC40
0x0002CD0C,1,201,201,func_0002CD0C
0x0002CDD5,1,201,201,func_0002CDD5
0x0002CE9E,1,1937,1937,func_0002CE9E
0x0002D62F,1,2563,2563,func_0002D62F
0x0002E032,1,669,669,func_0002E032
0x0002E2CF,1,653,653,func_0002E2CF
0x0002E55C,1,850,850,func_0002E55C
0x0002E8AE,1,102,102,func_0002E8AE
0x0002E914,1,714,714,func_0002E914
0x0002EBDE,1,155,155,func_0002EBDE
0x0002EC79,1,69,69,func_0002EC79
0x0002ECBE,1,878,878,func_0002ECBE
0x0002F02C,1,604,604,func_0002F02C
0x0002F288,1,114,114,func_0002F288
0x0002F2FA,1,111,111,func_0002F2FA
0x0002F369,1,145,145,func_0002F369
0x0002F3FA,1,150,150,func_0002F3FA
0x0002F490,1,412,412,func_0002F490
0x0002F62C,1,259,259,func_0002F62C
0x0002F72F,1,245,245,func_0002F72F
0x0002F824,1,366,366,func_0002F824
0x0002F992,1,92,92,func_0002F992
0x0002F9EE,1,169,169,func_0002F9EE
0x0002FA97,1,244,244,func_0002FA97
0x0002FB8B,1,65,65,func_0002FB8B
0x0002FBCC,1,55,55,func_0002FBCC
0x0002FC03,1,370,370,func_0002FC03
0x0002FD75,1,59,59,func_0002FD75
0x0002FDB0,1,82,82,func_0002FDB0
0x0002FE02,1,73,73,func_0002FE02
0x0002FE4B,1,113,113,func_0002FE4B
0x0002FEBC,1,112,112,func_0002FEBC
0x0002FF2C,1,122,122,func_0002FF2C
0x0002FFA6,1,244,244,func_0002FFA6
0x0003009A,1,475,475,func_0003009A
0x00030275,1,299,299,func_00030275
0x000303A0,1,81,81,func_000303A0
0x000303F1,1,110,110,func_000303F1
0x0003045F,1,105,105,func_0003045F
0x000304C8,1,118,118,func_000304C8
0x0003053E,1,448,448,func_0003053E
0x000306FE,1,129,129,func_000306FE
0x0003077F,1,156,156,func_0003077F
0x0003081B,1,57,57,func_0003081B
0x00030854,1,138,138,func_00030854
0x000308DE,1,266,266,func_000308DE
0x000309E8,1,59,59,func_000309E8
0x00030A23,1,75,75,func_00030A23
0x00030A6E,1,418,418,func_00030A6E
0x00030C10,1,242,242,func_00030C10
0x00030D02,1,140,140,func_00030D02
0x00030D8E,1,83,83,func_00030D8E
0x00030DE1,1,83,83,func_00030DE1
0x00030E34,1,94,94,func_00030E34
0x00030E92,1,167,167,func_00030E92
0x00030F39,1,42,42,func_00030F39
0x00030F63,1,140,140,func_00030F63
0x00030FEF,1,242,242,func_00030FEF
0x000310E1,1,1399,1399,func_000310E1
0x00031658,1,342,342,func_00031658
0x000317AE,1,149,149,func_000317AE
0x00031843,1,371,371,func_00031843
0x000319B6,1,276,276,func_000319B6
0x00031ACA,1,125,125,func_00031ACA
0x00031B47,1,67,67,func_00031B47
0x00031B8A,1,3707,3707,func_00031B8A
0x00032A05,1,1219,1219,func_00032A05
0x00032EC8,1,884,884,func_00032EC8
0x0003323C,1,187,187,func_0003323C
0x000332F7,1,1015,1015,func_000332F7
0x000336EE,1,118,118,func_000336EE
0x00033764,1,73,73,func_00033764
0x000337AD,1,517,517,func_000337AD
0x000339B2,1,1333,1333,func_000339B2
0x00033EE7,1,443,443,func_00033EE7
0x000340A2,1,81,81,func_000340A2
0x000340F3,1,244,244,func_000340F3
0x000341E7,1,252,252,func_000341E7
0x000342E3,1,377,377,func_000342E3
0x0003445C,1,119,119,func_0003445C
0x000344D3,1,210,210,func_000344D3
0x000345A5,1,275,287,func_000345A5
0x000346C4,1,201,201,func_000346C4
0x0003478D,1,1844,1844,func_0003478D
0x00034EC1,1,126,126,func_00034EC1
0x00034F3F,1,254,254,func_00034F3F
0x0003503D,1,236,236,func_0003503D
0x00035129,1,141,141,func_00035129
0x000351B6,1,118,118,func_000351B6
0x0003522C,1,275,275,func_0003522C
0x0003533F,1,311,311,func_0003533F
0x00035476,1,633,633,func_00035476
0x000356EF,1,709,709,func_000356EF
0x000359B4,1,176,176,func_000359B4
0x00035A64,1,27,27,func_00035A64
0x00035A7F,1,187,187,func_00035A7F
0x00035B3A,1,427,427,func_00035B3A
0x00035CE5,1,136,136,func_00035CE5
0x00035D6D,1,1098,1098,func_00035D6D
0x000361B7,1,124,124,func_000361B7
0x00036233,1,1458,1458,func_00036233
0x000367E5,1,443,443,func_000367E5
0x000369A0,1,161,161,func_000369A0
0x00036A41,1,102,102,func_00036A41
0x00036AA7,1,456,456,func_00036AA7
0x00036C6F,1,346,346,func_00036C6F
0x00036DC9,1,335,335,func_00036DC9
0x00036F18,1,81,81,func_00036F18
0x00036F69,1,171,171,func_00036F69
0x00037014,1,1822,1822,func_00037014
0x00037732,1,292,292,func_00037732
0x00037856,1,123,123,func_00037856
0x000378D1,1,99,99,func_000378D1
0x00037934,1,99,99,func_00037934
0x00037997,1,99,99,func_00037997
0x000379FA,1,99,99,func_000379FA
0x00037A5D,1,90,90,func_00037A5D
0x00037AB7,1,179,179,func_00037AB7
0x00037B6A,1,100,100,func_00037B6A
0x00037BCE,1,99,99,func_00037BCE
0x00037C31,1,99,99,func_00037C31
0x00037C94,1,99,99,func_00037C94
0x00037CF7,1,99,99,func_00037CF7
0x00037D5A,1,97,97,func_00037D5A
0x00037DBB,1,76,76,func_00037DBB
0x00037E07,1,608,608,func_00037E07
0x00038067,1,280,280,func_00038067
0x0003817F,1,169,169,func_0003817F
0x00038228,1,420,420,func_00038228
0x000383CC,1,368,368,func_000383CC
0x0003853C,1,99,99,func_0003853C
0x0003859F,1,63,63,func_0003859F
0x000385DE,1,64,64,func_000385DE
0x0003861E,1,66,66,func_0003861E
0x00038660,1,63,63,func_00038660
0x0003869F,1,64,64,func_0003869F
0x000386DF,1,66,66,func_000386DF
0x00038721,1,66,66,func_00038721
0x00038763,1,67,67,func_00038763
0x000387A6,1,69,69,func_000387A6
0x000387EB,1,69,69,func_000387EB
0x00038830,1,66,66,func_00038830
0x00038872,1,159,159,func_00038872
0x00038911,1,1948,1948,func_00038911
0x000390AD,1,38,38,func_000390AD
0x000390D3,1,337,337,func_000390D3
0x00039224,1,137,137,func_00039224
0x000392AD,1,206,206,func_000392AD
0x0003937B,1,243,243,func_0003937B
0x0003946E,1,316,316,func_0003946E
0x000395AA,1,139,139,func_000395AA
0x00039635,1,139,139,func_00039635
0x000396C0,1,204,204,func_000396C0
0x0003978C,1,254,254,func_0003978C
0x0003988A,1,265,265,func_0003988A
0x00039993,1,106,106,func_00039993
0x000399FD,1,73,73,func_000399FD
0x00039A46,1,73,73,func_00039A46
0x00039A8F,1,193,193,func_00039A8F
0x00039B50,1,67,67,func_00039B50
0x00039B93,1,118,118,func_00039B93
0x00039C09,1,283,283,func_00039C09
0x00039D24,1,315,315,func_00039D24
0x00039E5F,1,309,309,func_00039E5F
0x00039F94,1,66,66,func_00039F94
0x00039FD6,1,96,96,func_00039FD6
0x0003A036,1,138,138,func_0003A036
0x0003A0C0,1,493,493,func_0003A0C0
0x0003A2AD,1,120,120,func_0003A2AD
0x0003A325,1,169,169,func_0003A325
0x0003A3CE,1,2929,2929,func_0003A3CE
0x0003AF3F,1,373,373,func_0003AF3F
0x0003B0B4,1,290,290,func_0003B0B4
0x0003B1D6,1,29,29,func_0003B1D6
0x0003B1F3,1,579,579,func_0003B1F3
0x0003B436,1,360,360,func_0003B436
0x0003B59E,1,305,305,func_0003B59E
0x0003B6CF,1,1025,1025,func_0003B6CF
0x0003BAD0,1,120,120,func_0003BAD0
0x0003BB48,1,69,69,func_0003BB48
0x0003BB8D,1,187,187,func_0003BB8D
0x0003BC48,1,190,190,func_0003BC48
0x0003BD06,1,62,62,func_0003BD06
0x0003BD44,1,33,33,func_0003BD44
0x0003BD65,1,36,36,func_0003BD65
0x0003BD89,1,39,39,func_0003BD89
0x0003BDB0,1,608,608,func_0003BDB0
0x0003C010,1,195,195,func_0003C010
0x0003C0D3,1,725,725,func_0003C0D3
0x0003C3A8,1,88,88,func_0003C3A8
0x0003C400,1,160,160,func_0003C400
0x0003C4A0,1,62,62,func_0003C4A0
0x0003C4DE,1,68,68,func_0003C4DE
0x0003C522,1,24,24,func_0003C522
0x0003C53A,1,106,106,func_0003C53A
0x0003C5A4,1,108,108,func_0003C5A4
0x0003C610,1,225,225,func_0003C610
0x0003C6F1,1,299,299,func_0003C6F1
0x0003C81C,1,150,150,func_0003C81C
0x0003C8B2,1,271,271,func_0003C8B2
0x0003C9C1,1,150,150,func_0003C9C1
0x0003CA57,1,588,588,func_0003CA57
0x0003CCA3,1,790,790,func_0003CCA3
0x0003CFB9,1,99,99,func_0003CFB9
0x0003D01C,1,140,140,func_0003D01C
0x0003D0A8,1,107,107,func_0003D0A8
0x0003D113,1,419,419,func_0003D113
0x0003D2B6,1,231,231,func_0003D2B6
0x0003D39D,1,83,83,func_0003D39D
0x0003D3F0,1,34,34,func_0003D3F0
0x0003D412,1,749,749,func_0003D412
0x0003D6FF,1,690,690,func_0003D6FF
0x0003D9B1,1,835,835,func_0003D9B1
0x0003DCF4,1,2399,2399,func_0003DCF4
0x0003E653,1,94,94,func_0003E653
0x0003E6B1,1,294,294,func_0003E6B1
0x0003E7D7,1,209,209,func_0003E7D7
0x0003E8A8,1,154,154,func_0003E8A8
0x0003E942,1,370,370,func_0003E942
0x0003EAB4,1,374,374,func_0003EAB4
0x0003EC2A,1,458,458,func_0003EC2A
0x0003EDF4,1,236,236,func_0003EDF4
0x0003EEE0,1,281,281,func_0003EEE0
0x0003EFF9,1,89,89,func_0003EFF9
0x0003F052,1,77,77,func_0003F052
0x0003F09F,1,226,226,func_0003F09F
0x0003F181,1,221,221,func_0003F181
0x0003F25E,1,250,250,func_0003F25E
0x0003F358,1,511,511,func_0003F358
0x0003F557,1,152,152,func_0003F557
0x0003F5EF,1,65,65,func_0003F5EF
0x0003F630,1,105,105,func_0003F630
0x0003F699,1,130,130,func_0003F699
0x0003F71B,1,388,388,func_0003F71B
0x0003F89F,1,940,940,func_0003F89F
0x0003FC4B,1,114,114,func_0003FC4B
0x0003FCBD,1,277,277,func_0003FCBD
0x0003FDD2,1,1055,1055,func_0003FDD2
0x000401F1,1,397,397,func_000401F1
0x0004037E,1,347,347,func_0004037E
0x000404D9,1,274,274,func_000404D9
0x000405EB,1,67,67,func_000405EB
0x0004062E,1,174,174,func_0004062E
0x000406DC,1,184,184,func_000406DC
0x00040794,1,166,166,func_00040794
0x0004083A,1,329,329,func_0004083A
0x00040983,1,378,378,func_00040983
0x00040AFD,1,134,134,func_00040AFD
0x00040B83,1,74,74,func_00040B83
0x00040BCD,1,186,186,func_00040BCD
0x00040C87,1,534,534,func_00040C87
0x00040E9D,1,226,226,func_00040E9D
0x00040F7F,1,66,66,func_00040F7F
0x00040FC1,1,153,153,func_00040FC1
0x0004105A,1,125,125,func_0004105A
0x000410D7,1,232,232,func_000410D7
0x000411BF,1,392,392,func_000411BF
0x00041347,1,194,194,func_00041347
0x00041409,1,76,76,func_00041409
0x00041455,1,541,541,func_00041455
0x00041672,1,342,342,func_00041672
0x000417C8,1,372,372,func_000417C8
0x0004193C,1,1003,1003,func_0004193C
0x00041D27,1,342,342,func_00041D27
0x00041E7D,1,465,465,func_00041E7D
0x0004204E,1,97,97,func_0004204E
0x000420AF,1,31,31,func_000420AF
0x000420CE,1,34,34,func_000420CE
0x000420F0,1,34,34,func_000420F0
0x00042112,1,415,415,func_00042112
0x000422B1,1,61,61,func_000422B1
0x000422EE,1,73,73,func_000422EE
0x00042337,1,73,73,func_00042337
0x00042380,1,540,540,func_00042380
0x0004259C,1,86,86,func_0004259C
0x000425F2,1,2074,2074,func_000425F2
0x00042E0C,1,24,24,func_00042E0C
0x00042E24,1,104,104,func_00042E24
0x00042E8C,1,131,131,func_00042E8C
0x00042F0F,1,446,446,func_00042F0F
0x000430CD,1,573,573,func_000430CD
0x0004330A,1,208,208,func_0004330A
0x000433DA,1,280,280,func_000433DA
0x000434F2,1,170,170,func_000434F2
0x0004359C,1,432,432,func_0004359C
0x0004374C,1,55,55,func_0004374C
0x00043783,1,52,52,func_00043783
0x000437B7,1,58,58,func_000437B7
0x000437F1,1,39,39,func_000437F1
0x00043818,1,53,53,func_00043818
0x0004384D,1,54,54,func_0004384D
0x00043883,1,92,92,func_00043883
0x000438DF,1,121,121,func_000438DF
0x00043958,1,32,32,func_00043958
0x00043978,1,24,24,func_00043978
0x00043990,1,453,453,func_00043990
0x00043B55,1,385,385,func_00043B55
0x00043CD6,1,516,516,func_00043CD6
0x00043EDA,1,138,138,func_00043EDA
0x00043F64,1,56,56,func_00043F64
0x00043F9C,1,538,538,func_00043F9C
0x000441B6,1,531,531,func_000441B6
0x000443C9,1,41,41,func_000443C9
0x000443F2,1,41,41,func_000443F2
0x0004441B,1,129,129,func_0004441B
0x0004449C,1,129,129,func_0004449C
0x0004451D,1,77,77,func_0004451D
0x0004456A,1,41,41,func_0004456A
0x00044593,1,34,34,func_00044593
0x000445B5,1,470,470,func_000445B5
0x0004478B,1,517,517,func_0004478B
0x00044990,1,72,72,func_00044990
0x000449D8,1,269,269,func_000449D8
0x00044AE5,1,55,55,func_00044AE5
0x00044B1C,1,55,55,func_00044B1C
0x00044B53,1,55,55,func_00044B53
0x00044B8A,1,278,278,func_00044B8A
0x00044CA0,1,99,99,func_00044CA0
0x00044D03,1,285,285,func_00044D03
0x00044E20,1,50,50,func_00044E20
0x00044E52,1,55,55,func_00044E52
0x00044E89,1,87,87,func_00044E89
0x00044EE0,1,29,29,func_00044EE0
0x00044EFD,1,61,61,func_00044EFD
0x00044F3A,1,34,34,func_00044F3A
0x00044F5C,1,41,41,func_00044F5C
0x00044F85,1,200,200,func_00044F85
0x0004504D,1,1872,1872,func_0004504D
0x0004579D,1,465,465,func_0004579D
0x0004596E,1,175,175,func_0004596E
0x00045A1D,1,208,208,func_00045A1D
0x00045AED,1,84,84,func_00045AED
0x00045B41,1,31,31,func_00045B41
0x00045B60,1,31,31,func_00045B60
0x00045B7F,1,236,236,func_00045B7F
0x00045C6B,1,50,50,func_00045C6B
0x00045C9D,1,88,88,func_00045C9D
0x00045CF5,1,336,336,func_00045CF5
0x00045E45,1,108,108,func_00045E45
0x00045EB1,1,116,116,func_00045EB1
0x00045F25,1,106,106,func_00045F25
0x00045F8F,1,108,108,func_00045F8F
0x00045FFB,1,281,281,func_00045FFB
0x00046114,1,143,143,func_00046114
0x000461A3,1,70,70,func_000461A3
0x000461E9,1,342,342,func_000461E9
0x0004633F,1,903,903,func_0004633F
0x000466C6,1,38,38,func_000466C6
0x000466EC,1,50,50,func_000466EC
0x0004671E,1,54,54,func_0004671E
0x00046754,1,51,51,func_00046754
0x00046787,1,73,73,func_00046787
0x000467D0,1,67,67,func_000467D0
0x00046813,1,67,67,func_00046813
0x00046856,1,67,67,func_00046856
0x00046899,1,67,67,func_00046899
0x000468DC,1,107,107,func_000468DC
0x00046947,1,51,51,func_00046947
0x0004697A,1,58,58,func_0004697A
0x000469B4,1,38,38,func_000469B4
0x000469DA,1,38,38,func_000469DA
0x00046A00,1,127,127,func_00046A00
0x00046A7F,1,142,142,func_00046A7F
0x00046B0D,1,67,67,func_00046B0D
0x00046B50,1,67,67,func_00046B50
0x00046B93,1,67,67,func_00046B93
0x00046BD6,1,67,67,func_00046BD6
0x00046C19,1,35,35,func_00046C19
0x00046C3C,1,38,38,func_00046C3C
0x00046C62,1,96,96,func_00046C62
0x00046CC2,1,96,96,func_00046CC2
0x00046D22,1,35,35,func_00046D22
0x00046D45,1,52,52,func_00046D45
0x00046D79,1,67,67,func_00046D79
0x00046DBC,1,67,67,func_00046DBC
0x00046DFF,1,67,67,func_00046DFF
0x00046E42,1,64,64,func_00046E42
0x00046E82,1,38,38,func_00046E82
0x00046EA8,1,38,38,func_00046EA8
0x00046ECE,1,46,46,func_00046ECE
0x00046EFC,1,40,40,func_00046EFC
0x00046F24,1,46,46,func_00046F24
0x00046F52,1,38,38,func_00046F52
0x00046F78,1,142,142,func_00046F78
0x00047006,1,72,72,func_00047006
0x0004704E,1,70,70,func_0004704E
0x00047094,1,87,87,func_00047094
0x000470EB,1,86,86,func_000470EB
0x00047141,1,35,35,func_00047141
0x00047164,1,217,217,func_00047164
0x0004723D,1,52,52,func_0004723D
0x00047271,1,133,133,func_00047271
0x000472F6,1,125,125,func_000472F6
0x00047373,1,75,75,func_00047373
0x000473BE,1,50,50,func_000473BE
0x000473F0,1,50,50,func_000473F0
0x00047422,1,54,54,func_00047422
0x00047458,1,38,38,func_00047458
0x0004747E,1,78,78,func_0004747E
0x000474CC,1,35,35,func_000474CC
0x000474EF,1,47,47,func_000474EF
0x0004751E,1,84,84,func_0004751E
0x00047572,1,87,87,func_00047572
0x000475C9,1,62,62,func_000475C9
0x00047607,1,38,38,func_00047607
0x0004762D,1,38,38,func_0004762D
0x00047653,1,34,34,func_00047653
0x00047675,1,38,38,func_00047675
0x0004769B,1,38,38,func_0004769B
0x000476C1,1,166,166,func_000476C1
0x00047767,1,174,174,func_00047767
0x00047815,1,34,34,func_00047815
0x00047837,1,38,38,func_00047837
0x0004785D,1,38,38,func_0004785D
0x00047883,1,38,38,func_00047883
0x000478A9,1,38,38,func_000478A9
0x000478CF,1,38,38,func_000478CF
0x000478F5,1,38,38,func_000478F5
0x0004791B,1,38,38,func_0004791B
0x00047941,1,46,46,func_00047941
0x0004796F,1,46,46,func_0004796F
0x0004799D,1,46,46,func_0004799D
0x000479CB,1,56,56,func_000479CB
0x00047A03,1,50,50,func_00047A03
0x00047A35,1,71,71,func_00047A35
0x00047A7C,1,179,179,func_00047A7C
0x00047B2F,1,96,96,func_00047B2F
0x00047B8F,1,133,133,func_00047B8F
0x00047C14,1,72,72,func_00047C14
0x00047C5C,1,107,107,func_00047C5C
0x00047CC7,1,72,72,func_00047CC7
0x00047D0F,1,35,35,func_00047D0F
0x00047D32,1,35,35,func_00047D32
0x00047D55,1,35,35,func_00047D55
0x00047D78,1,43,43,func_00047D78
0x00047DA3,1,46,46,func_00047DA3
0x00047DD1,1,55,55,func_00047DD1
0x00047E08,1,63,63,func_00047E08
0x00047E47,1,63,63,func_00047E47
0x00047E86,1,34,34,func_00047E86
0x00047EA8,1,34,34,func_00047EA8
0x00047ECA,1,68,68,func_00047ECA
0x00047F0E,1,54,54,func_00047F0E
0x00047F44,1,46,46,func_00047F44
0x00047F72,1,35,35,func_00047F72
0x00047F95,1,159,159,func_00047F95
0x00048034,1,35,35,func_00048034
0x00048057,1,53,53,func_00048057
0x0004808C,1,48,48,func_0004808C
0x000480BC,1,96,96,func_000480BC
0x0004811C,1,34,34,func_0004811C
0x0004813E,1,34,34,func_0004813E
0x00048160,1,46,46,func_00048160
0x0004818E,1,54,54,func_0004818E
0x000481C4,1,50,50,func_000481C4
0x000481F6,1,94,94,func_000481F6
0x00048254,1,40,40,func_00048254
0x0004827C,1,40,40,func_0004827C
0x000482A4,1,43,43,func_000482A4
0x000482CF,1,139,139,func_000482CF
0x0004835A,1,69,69,func_0004835A
0x0004839F,1,188,188,func_0004839F
0x0004845B,1,35,35,func_0004845B
0x0004847E,1,73,73,func_0004847E
0x000484C7,1,35,35,func_000484C7
0x000484EA,1,86,86,func_000484EA
0x00048540,1,86,86,func_00048540
0x00048596,1,94,94,func_00048596
0x000485F4,1,67,67,func_000485F4
0x00048637,1,44,44,func_00048637
0x00048663,1,95,95,func_00048663
0x000486C2,1,48,48,func_000486C2
0x000486F2,1,75,75,func_000486F2
0x0004873D,1,40,40,func_0004873D
0x00048765,1,38,38,func_00048765
0x0004878B,1,145,145,func_0004878B
0x0004881C,1,35,35,func_0004881C
0x0004883F,1,38,38,func_0004883F
0x00048865,1,91,91,func_00048865
0x000488C0,1,164,164,func_000488C0
0x00048964,1,35,35,func_00048964
0x00048987,1,113,113,func_00048987
0x000489F8,1,54,54,func_000489F8
0x00048A2E,1,79,79,func_00048A2E
0x00048A7D,1,51,51,func_00048A7D
0x00048AB0,1,51,51,func_00048AB0
0x00048AE3,1,53,53,func_00048AE3
0x00048B18,1,106,106,func_00048B18
0x00048B82,1,52,52,func_00048B82
0x00048BB6,1,62,62,func_00048BB6
0x00048BF4,1,40,40,func_00048BF4
0x00048C1C,1,51,51,func_00048C1C
0x00048C4F,1,35,35,func_00048C4F
0x00048C72,1,35,35,func_00048C72
0x00048C95,1,35,35,func_00048C95
0x00048CB8,1,35,35,func_00048CB8
0x00048CDB,1,35,35,func_00048CDB
0x00048CFE,1,35,35,func_00048CFE
0x00048D21,1,61,61,func_00048D21
0x00048D5E,1,61,61,func_00048D5E
0x00048D9B,1,130,130,func_00048D9B
0x00048E1D,1,37,37,func_00048E1D
0x00048E42,1,40,40,func_00048E42
0x00048E6A,1,40,40,func_00048E6A
0x00048E92,1,40,40,func_00048E92
0x00048EBA,1,40,40,func_00048EBA
0x00048EE2,1,40,40,func_00048EE2
0x00048F0A,1,40,40,func_00048F0A
0x00048F32,1,40,40,func_00048F32
0x00048F5A,1,40,40,func_00048F5A
0x00048F82,1,40,40,func_00048F82
0x00048FAA,1,40,40,func_00048FAA
0x00048FD2,1,40,40,func_00048FD2
0x00048FFA,1,40,40,func_00048FFA
0x00049022,1,40,40,func_00049022
0x0004904A,1,40,40,func_0004904A
0x00049072,1,40,40,func_00049072
0x0004909A,1,40,40,func_0004909A
0x000490C2,1,40,40,func_000490C2
0x000490EA,1,40,40,func_000490EA
0x00049112,1,40,40,func_00049112
0x0004913A,1,40,40,func_0004913A
0x00049162,1,40,40,func_00049162
0x0004918A,1,40,40,func_0004918A
0x000491B2,1,40,40,func_000491B2
0x000491DA,1,40,40,func_000491DA
0x00049202,1,40,40,func_00049202
0x0004922A,1,40,40,func_0004922A
0x00049252,1,40,40,func_00049252
0x0004927A,1,40,40,func_0004927A
0x000492A2,1,40,40,func_000492A2
0x000492CA,1,40,40,func_000492CA
0x000492F2,1,40,40,func_000492F2
0x0004931A,1,40,40,func_0004931A
0x00049342,1,40,40,func_00049342
0x0004936A,1,40,40,func_0004936A
0x00049392,1,40,40,func_00049392
0x000493BA,1,35,35,func_000493BA
0x000493DD,1,67,67,func_000493DD
0x00049420,1,100,100,func_00049420
0x00049484,1,34,34,func_00049484
0x000494A6,1,59,59,func_000494A6
0x000494E1,1,150,150,func_000494E1
0x00049577,1,46,46,func_00049577
0x000495A5,1,162,162,func_000495A5
0x00049647,1,94,94,func_00049647
0x000496A5,1,94,94,func_000496A5
0x00049703,1,94,94,func_00049703
0x00049761,1,94,94,func_00049761
0x000497BF,1,94,94,func_000497BF
0x0004981D,1,57,57,func_0004981D
0x00049856,1,57,57,func_00049856
0x0004988F,1,54,54,func_0004988F
0x000498C5,1,54,54,func_000498C5
0x000498FB,1,51,51,func_000498FB
0x0004992E,1,34,34,func_0004992E
0x00049950,1,50,50,func_00049950
0x00049982,1,44,44,func_00049982
0x000499AE,1,61,61,func_000499AE
0x000499EB,1,35,35,func_000499EB
0x00049A0E,1,52,52,func_00049A0E
0x00049A42,1,53,53,func_00049A42
0x00049A77,1,72,72,func_00049A77
0x00049ABF,1,40,40,func_00049ABF
0x00049AE7,1,57,57,func_00049AE7
0x00049B20,1,35,35,func_00049B20
0x00049B43,1,52,52,func_00049B43
0x00049B77,1,54,54,func_00049B77
0x00049BAD,1,195,195,func_00049BAD
0x00049C70,1,73,73,func_00049C70
0x00049CB9,1,83,83,func_00049CB9
0x00049D0C,1,50,50,func_00049D0C
0x00049D3E,1,50,50,func_00049D3E
0x00049D70,1,50,50,func_00049D70
0x00049DA2,1,50,50,func_00049DA2
0x00049DD4,1,81,81,func_00049DD4
0x00049E25,1,46,46,func_00049E25
0x00049E53,1,46,46,func_00049E53
0x00049E81,1,46,46,func_00049E81
0x00049EAF,1,47,47,func_00049EAF
0x00049EDE,1,46,46,func_00049EDE
0x00049F0C,1,46,46,func_00049F0C
0x00049F3A,1,46,46,func_00049F3A
0x00049F68,1,47,47,func_00049F68
0x00049F97,1,46,46,func_00049F97
0x00049FC5,1,46,46,func_00049FC5
0x00049FF3,1,46,46,func_00049FF3
0x0004A021,1,35,35,func_0004A021
0x0004A044,1,59,59,func_0004A044
0x0004A07F,1,65,65,func_0004A07F
0x0004A0C0,1,226,226,func_0004A0C0
0x0004A1A2,1,143,143,func_0004A1A2
0x0004A231,1,81,81,func_0004A231
0x0004A282,1,362,362,func_0004A282
0x0004A3EC,1,382,382,func_0004A3EC
0x0004A56A,1,331,331,func_0004A56A
0x0004A6B5,1,147,147,func_0004A6B5
0x0004A748,1,226,226,func_0004A748
0x0004A82A,1,140,140,func_0004A82A
0x0004A8B6,1,37,37,func_0004A8B6
0x0004A8DB,1,177,177,func_0004A8DB
0x0004A98C,1,187,187,func_0004A98C
0x0004AA47,1,54,54,func_0004AA47
0x0004AA7D,1,178,178,func_0004AA7D
0x0004AB2F,1,35,35,func_0004AB2F
0x0004AB52,1,175,175,func_0004AB52
0x0004AC01,1,1218,1218,func_0004AC01
0x0004B0C3,1,207,207,func_0004B0C3
0x0004B192,1,105,105,func_0004B192
0x0004B1FB,1,96,96,func_0004B1FB
0x0004B25B,1,49,49,func_0004B25B
0x0004B28C,1,534,534,func_0004B28C
0x0004B4A2,1,173,173,func_0004B4A2
0x0004B54F,1,70,70,func_0004B54F
0x0004B595,1,58,58,func_0004B595
0x0004B5CF,1,159,159,func_0004B5CF
0x0004B66E,1,296,296,func_0004B66E
0x0004B796,1,77,77,func_0004B796
0x0004B7E3,1,446,446,func_0004B7E3
0x0004B9A1,1,110,110,func_0004B9A1
0x0004BA0F,1,95,97,func_0004BA0F
0x0004BA70,1,114,114,func_0004BA70
0x0004BAE2,1,130,130,func_0004BAE2
0x0004BB64,1,116,116,func_0004BB64
0x0004BBD8,1,107,107,func_0004BBD8
0x0004BC43,1,99,99,func_0004BC43
0x0004BCA6,1,84,84,func_0004BCA6
0x0004BCFA,1,189,189,func_0004BCFA
0x0004BDB7,1,702,702,func_0004BDB7
0x0004C075,1,461,461,func_0004C075
0x0004C242,1,50,50,func_0004C242
0x0004C274,1,556,556,func_0004C274
0x0004C4A0,1,134,134,func_0004C4A0
0x0004C526,1,98,98,func_0004C526
0x0004C588,1,465,465,func_0004C588
0x0004C759,1,46,46,func_0004C759
0x0004C787,1,174,174,func_0004C787
0x0004C835,1,63,63,func_0004C835
0x0004C874,1,28,28,func_0004C874
0x0004C890,1,63,63,func_0004C890
0x0004C8CF,1,28,28,func_0004C8CF
0x0004C8EB,1,434,434,func_0004C8EB
0x0004CA9D,1,146,146,func_0004CA9D
0x0004CB2F,1,46,46,func_0004CB2F
0x0004CB5D,1,183,183,func_0004CB5D
0x0004CC14,1,110,110,func_0004CC14
0x0004CC82,1,142,142,func_0004CC82
0x0004CD10,1,112,112,func_0004CD10
0x0004CD80,1,99,99,func_0004CD80
0x0004CDE3,1,65,65,func_0004CDE3
0x0004CE24,1,154,154,func_0004CE24
0x0004CEBE,1,121,121,func_0004CEBE
0x0004CF37,1,112,112,func_0004CF37
0x0004CFA7,1,494,494,func_0004CFA7
0x0004D195,1,81,81,func_0004D195
0x0004D1E6,1,540,540,func_0004D1E6
0x0004D402,1,1282,1282,func_0004D402
0x0004D904,1,326,326,func_0004D904
0x0004DA4A,1,117,117,func_0004DA4A
0x0004DABF,1,595,595,func_0004DABF
0x0004DD12,1,533,533,func_0004DD12
0x0004DF27,1,262,262,func_0004DF27
0x0004E02D,1,219,219,func_0004E02D
0x0004E108,1,107,107,func_0004E108
0x0004E173,1,24,24,func_0004E173
0x0004E18B,1,49,49,func_0004E18B
0x0004E1BC,1,107,107,func_0004E1BC
0x0004E227,1,132,132,func_0004E227
0x0004E2AB,1,100,100,func_0004E2AB
0x0004E30F,1,81,81,func_0004E30F
0x0004E360,1,262,262,func_0004E360
0x0004E466,1,37,37,func_0004E466
0x0004E48B,1,86,86,func_0004E48B
0x0004E4E1,1,39,39,func_0004E4E1
0x0004E508,1,191,191,func_0004E508
0x0004E5C7,1,75,75,func_0004E5C7
0x0004E612,1,279,279,func_0004E612
0x0004E729,1,84,84,func_0004E729
0x0004E77D,1,57,57,func_0004E77D
0x0004E7B6,1,86,86,func_0004E7B6
0x0004E80C,1,94,94,func_0004E80C
0x0004E86A,1,94,94,func_0004E86A
0x0004E8C8,1,79,79,func_0004E8C8
0x0004E917,1,157,157,func_0004E917
0x0004E9B4,1,136,136,func_0004E9B4
0x0004EA3C,1,184,184,func_0004EA3C
0x0004EAF4,1,125,125,func_0004EAF4
0x0004EB71,1,59,59,func_0004EB71
0x0004EBAC,1,106,106,func_0004EBAC
0x0004EC16,1,100,100,func_0004EC16
0x0004EC7A,1,52,52,func_0004EC7A
0x0004ECAE,1,136,136,func_0004ECAE
0x0004ED36,1,1728,1728,func_0004ED36
0x0004F3F6,1,134,134,func_0004F3F6
0x0004F47C,1,59,59,func_0004F47C
0x0004F4B7,1,316,316,func_0004F4B7
0x0004F5F3,1,1989,1989,func_0004F5F3
0x0004FDB8,1,306,306,func_0004FDB8
0x0004FEEA,1,39,39,func_0004FEEA
0x0004FF11,1,29,29,func_0004FF11
0x0004FF2E,1,41,41,func_0004FF2E
0x0004FF57,1,230,230,func_0004FF57
0x0005003D,1,44,44,func_0005003D
0x00050069,1,439,439,func_00050069
0x00050220,1,292,292,func_00050220
0x00050344,1,105,105,func_00050344
0x000503AD,1,299,299,func_000503AD
0x000504D8,1,104,104,func_000504D8
0x00050540,1,99,99,func_00050540
0x000505A3,1,100,100,func_000505A3
0x00050607,1,83,83,func_00050607
0x0005065A,1,65,65,func_0005065A
0x0005069B,1,906,906,func_0005069B
0x00050A25,1,107,107,func_00050A25
0x00050A90,1,114,114,func_00050A90
0x00050B02,1,289,289,func_00050B02
0x00050C23,1,540,540,func_00050C23
0x00050E3F,1,322,322,func_00050E3F
0x00050F81,1,124,124,func_00050F81
0x00050FFD,1,41,41,func_00050FFD
0x00051026,1,1130,1130,func_00051026
0x00051490,1,621,621,func_00051490
0x000516FD,1,94,94,func_000516FD
0x0005175B,1,145,145,func_0005175B
0x000517EC,1,79,79,func_000517EC
0x0005183B,1,342,342,func_0005183B
0x00051991,1,201,201,func_00051991
0x00051A5A,1,228,228,func_00051A5A
0x00051B3E,1,443,443,func_00051B3E
0x00051CF9,1,214,214,func_00051CF9
0x00051DCF,1,718,718,func_00051DCF
0x0005209D,1,538,538,func_0005209D
0x000522B7,1,266,266,func_000522B7
0x000523C1,1,186,186,func_000523C1
0x0005247B,1,859,859,func_0005247B
0x000527D6,1,293,293,func_000527D6
0x000528FB,1,255,255,func_000528FB
0x000529FA,1,342,342,func_000529FA
0x00052B50,1,492,492,func_00052B50
0x00052D3C,1,135,135,func_00052D3C
0x00052DC3,1,1745,1745,func_00052DC3
0x00053494,1,802,802,func_00053494
0x000537B6,1,540,540,func_000537B6
0x000539D2,1,183,183,func_000539D2
0x00053A89,1,153,153,func_00053A89
0x00053B22,1,47,47,func_00053B22
0x00053B51,1,50,50,func_00053B51
0x00053B83,1,50,50,func_00053B83
0x00053BB5,1,50,50,func_00053BB5
0x00053BE7,1,50,50,func_00053BE7
0x00053C19,1,50,50,func_00053C19
0x00053C4B,1,50,50,func_00053C4B
0x00053C7D,1,50,50,func_00053C7D
0x00053CAF,1,50,50,func_00053CAF
0x00053CE1,1,50,50,func_00053CE1
0x00053D13,1,50,50,func_00053D13
0x00053D45,1,50,50,func_00053D45
0x00053D77,1,50,50,func_00053D77
0x00053DA9,1,61,61,func_00053DA9
0x00053DE6,1,62,62,func_00053DE6
0x00053E24,1,62,62,func_00053E24
0x00053E62,1,33,33,func_00053E62
0x00053E83,1,123,123,func_00053E83
0x00053EFE,1,31,31,func_00053EFE
0x00053F1D,1,34,34,func_00053F1D
0x00053F3F,1,34,34,func_00053F3F
0x00053F61,1,34,34,func_00053F61
0x00053F83,1,34,34,func_00053F83
0x00053FA5,1,34,34,func_00053FA5
0x00053FC7,1,34,34,func_00053FC7
0x00053FE9,1,34,34,func_00053FE9
0x0005400B,1,119,119,func_0005400B
0x00054082,1,119,119,func_00054082
0x000540F9,1,355,355,func_000540F9
0x0005425C,1,246,246,func_0005425C
0x00054352,1,31,31,func_00054352
0x00054371,1,34,34,func_00054371
0x00054393,1,34,34,func_00054393
0x000543B5,1,34,34,func_000543B5
0x000543D7,1,34,34,func_000543D7
0x000543F9,1,139,139,func_000543F9
0x00054484,1,162,162,func_00054484
0x00054526,1,1205,1205,func_00054526
0x000549DB,1,212,212,func_000549DB
0x00054AAF,1,49,49,func_00054AAF
0x00054AE0,1,71,71,func_00054AE0
0x00054B27,1,590,590,func_00054B27
0x00054D75,1,80,80,func_00054D75
0x00054DC5,1,444,444,func_00054DC5
0x00054F81,1,71,71,func_00054F81
0x00054FC8,1,71,71,func_00054FC8
0x0005500F,1,96,96,func_0005500F
0x0005506F,1,103,103,func_0005506F
0x000550D6,1,219,219,func_000550D6
0x000551B1,1,513,513,func_000551B1
0x000553B2,1,490,490,func_000553B2
0x0005559C,1,73,73,func_0005559C
0x000555E5,1,355,355,func_000555E5
0x00055748,1,95,95,func_00055748
0x000557A7,1,692,692,func_000557A7
0x00055A5B,1,824,824,func_00055A5B
0x00055D93,1,162,162,func_00055D93
0x00055E35,1,218,218,func_00055E35
0x00055F0F,1,245,245,func_00055F0F
0x00056004,1,468,468,func_00056004
0x000561D8,1,201,201,func_000561D8
0x000562A1,1,1321,1321,func_000562A1
0x000567CA,1,85,85,func_000567CA
0x0005681F,1,146,146,func_0005681F
0x000568B1,1,37,37,func_000568B1
0x000568D6,1,257,257,func_000568D6
0x000569D7,1,361,361,func_000569D7
0x00056B40,1,72,72,func_00056B40
0x00056B88,1,40,40,func_00056B88
0x00056BB0,1,328,328,func_00056BB0
0x00056CF8,1,356,356,func_00056CF8
0x00056E5C,1,75,75,func_00056E5C
0x00056EA7,1,73,73,func_00056EA7
0x00056EF0,1,545,545,func_00056EF0
0x00057111,1,54,54,func_00057111
0x00057147,1,128,128,func_00057147
0x000571C7,1,159,159,func_000571C7
0x00057266,1,220,220,func_00057266
0x00057342,1,237,237,func_00057342
0x0005742F,1,86,86,func_0005742F
0x00057485,1,85,85,func_00057485
0x000574DA,1,549,549,func_000574DA
0x000576FF,1,516,516,func_000576FF
0x00057903,1,126,126,func_00057903
0x00057981,1,123,123,func_00057981
0x000579FC,1,184,184,func_000579FC
0x00057AB4,1,250,250,func_00057AB4
0x00057BAE,1,177,177,func_00057BAE
0x00057C5F,1,156,156,func_00057C5F
0x00057CFB,1,207,207,func_00057CFB
0x00057DCA,1,172,172,func_00057DCA
0x00057E76,1,101,101,func_00057E76
0x00057EDB,1,103,103,func_00057EDB
0x00057F42,1,73,73,func_00057F42
0x00057F8B,1,1256,1256,func_00057F8B
0x00058473,1,186,186,func_00058473
0x0005852D,1,169,169,func_0005852D
0x000585D6,1,163,163,func_000585D6
0x00058679,1,54,54,func_00058679
0x000586AF,1,236,236,func_000586AF
0x0005879B,1,245,245,func_0005879B
0x00058890,1,417,417,func_00058890
0x00058A31,1,198,198,func_00058A31
0x00058AF7,1,127,127,func_00058AF7
0x00058B76,1,671,671,func_00058B76
0x00058E15,1,1994,1994,func_00058E15
0x000595DF,1,432,432,func_000595DF
0x0005978F,1,378,378,func_0005978F
0x00059909,1,106,106,func_00059909
0x00059973,1,520,520,func_00059973
0x00059B7B,1,265,265,func_00059B7B
0x00059C84,1,423,423,func_00059C84
0x00059E2B,1,249,249,func_00059E2B
0x00059F24,1,537,537,func_00059F24
0x0005A13D,1,139,139,func_0005A13D
0x0005A1C8,1,104,104,func_0005A1C8
0x0005A230,1,142,142,func_0005A230
0x0005A2BE,1,121,121,func_0005A2BE
0x0005A337,1,62,62,func_0005A337
0x0005A375,1,71,71,func_0005A375
0x0005A3BC,1,134,134,func_0005A3BC
0x0005A442,1,103,103,func_0005A442
0x0005A4A9,1,161,161,func_0005A4A9
0x0005A54A,1,45,45,func_0005A54A
0x0005A577,1,91,91,func_0005A577
0x0005A5D2,1,58,58,func_0005A5D2
0x0005A60C,1,85,85,func_0005A60C
0x0005A661,1,66,66,func_0005A661
0x0005A6A3,1,74,74,func_0005A6A3
0x0005A6ED,1,66,66,func_0005A6ED
0x0005A72F,1,166,166,func_0005A72F
0x0005A7D5,1,325,325,func_0005A7D5
0x0005A91A,1,222,222,func_0005A91A
0x0005A9F8,1,236,236,func_0005A9F8
0x0005AAE4,1,258,258,func_0005AAE4
0x0005ABE6,1,633,633,func_0005ABE6
0x0005AE5F,1,374,374,func_0005AE5F
0x0005AFD5,1,306,306,func_0005AFD5
0x0005B107,1,255,255,func_0005B107
0x0005B206,1,70,70,func_0005B206
0x0005B24C,1,444,444,func_0005B24C
0x0005B408,1,678,678,func_0005B408
0x0005B6AE,1,196,196,func_0005B6AE
0x0005B772,1,182,182,func_0005B772
0x0005B828,1,221,221,func_0005B828
0x0005B905,1,218,218,func_0005B905
0x0005B9DF,1,73,73,func_0005B9DF
0x0005BA28,1,563,563,func_0005BA28
0x0005BC5B,1,131,131,func_0005BC5B
0x0005BCDE,1,1260,1260,func_0005BCDE
0x0005C1CA,1,638,638,func_0005C1CA
0x0005C448,1,602,602,func_0005C448
0x0005C6A2,1,436,436,func_0005C6A2
0x0005C856,1,65,65,func_0005C856
0x0005C897,1,51,51,func_0005C897
0x0005C8CA,1,245,245,func_0005C8CA
0x0005C9BF,1,105,105,func_0005C9BF
0x0005CA28,1,95,95,func_0005CA28
0x0005CA87,1,192,192,func_0005CA87
0x0005CB47,1,720,720,func_0005CB47
0x0005CE17,1,826,826,func_0005CE17
0x0005D151,1,397,397,func_0005D151
0x0005D2DE,1,253,253,func_0005D2DE
0x0005D3DB,1,34,34,func_0005D3DB
0x0005D3FD,1,34,34,func_0005D3FD
0x0005D41F,1,62,62,func_0005D41F
0x0005D45D,1,41,41,func_0005D45D
0x0005D486,1,108,108,func_0005D486
0x0005D4F2,1,34,34,func_0005D4F2
0x0005D514,1,29,29,func_0005D514
0x0005D531,1,53,53,func_0005D531
0x0005D566,1,29,29,func_0005D566
0x0005D583,1,34,34,func_0005D583
0x0005D5A5,1,421,421,func_0005D5A5
0x0005D74A,1,300,300,func_0005D74A
0x0005D876,1,262,262,func_0005D876
0x0005D97C,1,161,161,func_0005D97C
0x0005DA1D,1,229,229,func_0005DA1D
0x0005DB02,1,147,147,func_0005DB02
0x0005DB95,1,735,735,func_0005DB95
0x0005DE74,1,1291,1291,func_0005DE74
0x0005E37F,1,209,209,func_0005E37F
0x0005E450,1,240,240,func_0005E450
0x0005E540,1,151,151,func_0005E540
0x0005E5D7,1,95,95,func_0005E5D7
0x0005E636,1,236,236,func_0005E636
0x0005E722,1,218,218,func_0005E722
0x0005E7FC,1,120,120,func_0005E7FC
0x0005E874,1,539,539,func_0005E874
0x0005EA8F,1,650,650,func_0005EA8F
0x0005ED19,1,243,243,func_0005ED19
0x0005EE0C,1,660,660,func_0005EE0C
0x0005F0A0,1,72,72,func_0005F0A0
0x0005F0E8,1,213,213,func_0005F0E8
0x0005F1BD,1,580,580,func_0005F1BD
0x0005F401,1,266,266,func_0005F401
0x0005F50B,1,220,220,func_0005F50B
0x0005F5E7,1,258,258,func_0005F5E7
0x0005F6E9,1,114,114,func_0005F6E9
0x0005F75B,1,196,196,func_0005F75B
0x0005F81F,1,310,310,func_0005F81F
0x0005F955,1,185,185,func_0005F955
0x0005FA0E,1,808,808,func_0005FA0E
0x0005FD36,1,287,287,func_0005FD36
0x0005FE55,1,400,400,func_0005FE55
0x0005FFE5,1,151,151,func_0005FFE5
0x0006007C,1,132,132,func_0006007C
0x00060100,1,132,132,func_00060100
0x00060184,1,105,105,func_00060184
0x000601ED,1,131,131,func_000601ED
0x00060270,1,80,80,func_00060270
0x000602C0,1,368,368,func_000602C0
0x00060430,1,847,847,func_00060430
0x0006077F,1,2116,2116,func_0006077F
0x00060FC3,1,119,119,func_00060FC3
0x0006103A,1,615,615,func_0006103A
0x000612A1,1,133,133,func_000612A1
0x00061326,1,114,114,func_00061326
0x00061398,1,273,273,func_00061398
0x000614A9,1,82,82,func_000614A9
0x000614FB,1,229,229,func_000614FB
0x000615E0,1,1756,1756,func_000615E0
0x00061CBC,1,479,479,func_00061CBC
0x00061E9B,1,910,910,func_00061E9B
0x00062229,1,97,97,func_00062229
0x0006228A,1,97,97,func_0006228A
0x000622EB,1,336,336,func_000622EB
0x0006243B,1,709,709,func_0006243B
0x00062700,1,341,341,func_00062700
0x00062855,1,330,330,func_00062855
0x0006299F,1,89,89,func_0006299F
0x000629F8,1,274,274,func_000629F8
0x00062B0A,1,267,267,func_00062B0A
0x00062C15,1,161,161,func_00062C15
0x00062CB6,1,161,161,func_00062CB6
0x00062D57,1,359,359,func_00062D57
0x00062EBE,1,57,57,func_00062EBE
0x00062EF7,1,199,199,func_00062EF7
0x00062FBE,1,69,69,func_00062FBE
0x00063003,1,266,266,func_00063003
0x0006310D,1,157,157,func_0006310D
0x000631AA,1,51,51,func_000631AA
0x000631DD,1,178,178,func_000631DD
0x0006328F,1,301,301,func_0006328F
0x000633BC,1,217,217,func_000633BC
0x00063495,1,125,125,func_00063495
0x00063512,1,648,648,func_00063512
0x0006379A,1,172,172,func_0006379A
0x00063846,1,769,769,func_00063846
0x00063B47,1,661,661,func_00063B47
0x00063DDC,1,252,252,func_00063DDC
0x00063ED8,1,247,247,func_00063ED8
0x00063FCF,1,510,510,func_00063FCF
0x000641CD,1,91,91,func_000641CD
0x00064228,1,217,217,func_00064228
0x00064301,1,54,54,func_00064301
0x00064337,1,304,304,func_00064337
0x00064467,1,290,290,func_00064467
0x00064589,1,383,383,func_00064589
0x00064708,1,263,263,func_00064708
0x0006480F,1,2813,2813,func_0006480F
0x0006530C,1,140,140,func_0006530C
0x00065398,1,215,215,func_00065398
0x0006546F,1,123,123,func_0006546F
0x000654EA,1,606,606,func_000654EA
0x00065748,1,106,106,func_00065748
0x000657B2,1,178,178,func_000657B2
0x00065864,1,102,102,func_00065864
0x000658CA,1,109,109,func_000658CA
0x00065937,1,341,341,func_00065937
0x00065A8C,1,302,302,func_00065A8C
0x00065BBA,1,126,126,func_00065BBA
0x00065C38,1,1747,1747,func_00065C38
0x0006630B,1,71,71,func_0006630B
0x00066352,1,1281,1281,func_00066352
0x00066853,1,204,204,func_00066853
0x0006691F,1,603,603,func_0006691F
0x00066B7A,1,225,225,func_00066B7A
0x00066C5B,1,225,225,func_00066C5B
0x00066D3C,1,747,747,func_00066D3C
0x00067027,1,585,585,func_00067027
0x00067270,1,153,153,func_00067270
0x00067309,1,583,583,func_00067309
0x00067550,1,340,340,func_00067550
0x000676A4,1,106,106,func_000676A4
0x0006770E,1,359,359,func_0006770E
0x00067875,1,326,326,func_00067875
0x000679BB,1,98,98,func_000679BB
0x00067A1D,1,42,42,func_00067A1D
0x00067A47,1,445,445,func_00067A47
0x00067C04,1,160,160,func_00067C04
0x00067CA4,1,171,171,func_00067CA4
0x00067D4F,1,910,910,func_00067D4F
0x000680DD,1,1036,1036,func_000680DD
0x000684E9,1,259,259,func_000684E9
0x000685EC,1,238,238,func_000685EC
0x000686DA,1,87,87,func_000686DA
0x00068731,1,148,148,func_00068731
0x000687C5,1,128,128,func_000687C5
0x00068845,1,342,342,func_00068845
0x0006899B,1,130,130,func_0006899B
0x00068A1D,1,254,254,func_00068A1D
0x00068B1B,1,141,141,func_00068B1B
0x00068BA8,1,94,94,func_00068BA8
0x00068C06,1,416,416,func_00068C06
0x00068DA6,1,440,440,func_00068DA6
0x00068F5E,1,803,803,func_00068F5E
0x00069281,1,567,567,func_00069281
0x000694B8,1,491,491,func_000694B8
0x000696A3,1,86,86,func_000696A3
0x000696F9,1,85,85,func_000696F9
0x0006974E,1,149,149,func_0006974E
0x000697E3,1,152,152,func_000697E3
0x0006987B,1,52,52,func_0006987B
0x000698AF,1,61,61,func_000698AF
0x000698EC,1,76,76,func_000698EC
0x00069938,1,84,84,func_00069938
0x0006998C,1,76,76,func_0006998C
0x000699D8,1,138,138,func_000699D8
0x00069A62,1,86,86,func_00069A62
0x00069AB8,1,86,86,func_00069AB8
0x00069B0E,1,69,69,func_00069B0E
0x00069B53,1,44,44,func_00069B53
0x00069B7F,1,439,439,func_00069B7F
0x00069D36,1,116,116,func_00069D36
0x00069DAA,1,146,146,func_00069DAA
0x00069E3C,1,98,98,func_00069E3C
0x00069E9E,1,155,155,func_00069E9E
0x00069F39,1,81,81,func_00069F39
0x00069F8A,1,282,282,func_00069F8A
0x0006A0A4,1,48,48,func_0006A0A4
0x0006A0D4,1,297,297,func_0006A0D4
0x0006A1FD,1,141,141,func_0006A1FD
0x0006A28A,1,143,143,func_0006A28A
0x0006A319,1,562,562,func_0006A319
0x0006A54B,1,187,187,func_0006A54B
0x0006A606,1,78,78,func_0006A606
0x0006A654,1,47,47,func_0006A654
0x0006A683,1,217,217,func_0006A683
0x0006A75C,1,246,246,func_0006A75C
0x0006A852,1,181,181,func_0006A852
0x0006A907,1,548,548,func_0006A907
0x0006AB2B,1,60,60,func_0006AB2B
0x0006AB67,1,65,65,func_0006AB67
0x0006ABA8,1,440,440,func_0006ABA8
0x0006AD60,1,123,123,func_0006AD60
0x0006ADDB,1,172,172,func_0006ADDB
0x0006AE87,1,74,74,func_0006AE87
0x0006AED1,1,417,417,func_0006AED1
0x0006B072,1,123,123,func_0006B072
0x0006B0ED,1,67,67,func_0006B0ED
0x0006B130,1,287,287,func_0006B130
0x0006B24F,1,147,147,func_0006B24F
0x0006B2E2,1,148,148,func_0006B2E2
0x0006B376,1,410,410,func_0006B376
0x0006B510,1,427,427,func_0006B510
0x0006B6BB,1,307,307,func_0006B6BB
0x0006B7EE,1,409,409,func_0006B7EE
0x0006B987,1,201,201,func_0006B987
0x0006BA50,1,636,636,func_0006BA50
0x0006BCCC,1,97,97,func_0006BCCC
0x0006BD2D,1,139,139,func_0006BD2D
0x0006BDB8,1,108,108,func_0006BDB8
0x0006BE24,1,56,56,func_0006BE24
0x0006BE5C,1,212,212,func_0006BE5C
0x0006BF30,1,216,216,func_0006BF30
0x0006C008,1,239,239,func_0006C008
0x0006C0F7,1,92,92,func_0006C0F7
0x0006C153,1,118,118,func_0006C153
0x0006C1C9,1,92,92,func_0006C1C9
0x0006C225,1,118,118,func_0006C225
0x0006C29B,1,704,704,func_0006C29B
0x0006C55B,1,311,311,func_0006C55B
0x0006C692,1,144,144,func_0006C692
0x0006C722,1,77,77,func_0006C722
0x0006C76F,1,39,39,func_0006C76F
0x0006C796,1,60,60,func_0006C796
0x0006C7D2,1,70,70,func_0006C7D2
0x0006C818,1,268,268,func_0006C818
0x0006C924,1,159,159,func_0006C924
0x0006C9C3,1,31,31,func_0006C9C3
0x0006C9E2,1,122,122,func_0006C9E2
0x0006CA5C,1,166,166,func_0006CA5C
0x0006CB02,1,81,81,func_0006CB02
0x0006CB53,1,310,310,func_0006CB53
0x0006CC89,1,135,135,func_0006CC89
0x0006CD10,1,94,94,func_0006CD10
0x0006CD6E,1,61,61,func_0006CD6E
0x0006CDAB,1,98,98,func_0006CDAB
0x0006CE0D,1,113,113,func_0006CE0D
0x0006CE7E,1,126,126,func_0006CE7E
0x0006CEFC,1,578,578,func_0006CEFC
0x0006D13E,1,754,754,func_0006D13E
0x0006D430,1,97,97,func_0006D430
0x0006D491,1,76,76,func_0006D491
0x0006D4DD,1,325,325,func_0006D4DD
0x0006D622,1,130,130,func_0006D622
0x0006D6A4,1,463,463,func_0006D6A4
0x0006D873,1,167,167,func_0006D873
0x0006D91A,1,795,795,func_0006D91A
0x0006DC35,1,6223,6223,func_0006DC35
0x0006F484,1,219,219,func_0006F484
0x0006F55F,1,64,64,func_0006F55F
0x0006F59F,1,212,212,func_0006F59F
0x0006F673,1,199,199,func_0006F673
0x0006F73A,1,123,123,func_0006F73A
0x0006F7B5,1,378,378,func_0006F7B5
0x0006F92F,1,192,192,func_0006F92F
0x0006F9EF,1,229,229,func_0006F9EF
0x0006FAD4,1,559,559,func_0006FAD4
0x0006FD03,1,88,88,func_0006FD03
0x0006FD5B,1,31,31,func_0006FD5B
0x0006FD7A,1,34,34,func_0006FD7A
0x0006FD9C,1,34,34,func_0006FD9C
0x0006FDBE,1,448,448,func_0006FDBE
0x0006FF7E,1,142,142,func_0006FF7E
0x0007000C,1,226,226,func_0007000C
0x000700EE,1,163,163,func_000700EE
0x00070191,1,96,96,func_00070191
0x000701F1,1,72,72,func_000701F1
0x00070239,1,103,103,func_00070239
0x000702A0,1,104,104,func_000702A0
0x00070308,1,104,104,func_00070308
0x00070370,1,294,294,func_00070370
0x00070496,1,282,282,func_00070496
0x000705B0,1,41,41,func_000705B0
0x000705D9,1,36,36,func_000705D9
0x000705FD,1,39,39,func_000705FD
0x00070624,1,121,121,func_00070624
0x0007069D,1,120,120,func_0007069D
0x00070715,1,64,64,func_00070715
0x00070755,1,306,306,func_00070755
0x00070887,1,519,519,func_00070887
0x00070A8E,1,108,108,func_00070A8E
0x00070AFA,1,162,162,func_00070AFA
0x00070B9C,1,428,428,func_00070B9C
0x00070D48,1,181,181,func_00070D48
0x00070DFD,1,195,195,func_00070DFD
0x00070EC0,1,494,494,func_00070EC0
0x000710AE,1,97,97,func_000710AE
0x0007110F,1,546,546,func_0007110F
0x00071331,1,130,130,func_00071331
0x000713B3,1,103,103,func_000713B3
0x0007141A,1,91,91,func_0007141A
0x00071475,1,163,163,func_00071475
0x00071518,1,238,238,func_00071518
0x00071606,1,486,486,func_00071606
0x000717EC,1,337,337,func_000717EC
0x0007193D,1,2030,2030,func_0007193D
0x0007212B,1,565,565,func_0007212B
0x00072360,1,207,207,func_00072360
0x0007242F,1,232,232,func_0007242F
0x00072517,1,392,392,func_00072517
0x0007269F,1,434,434,func_0007269F
0x00072851,1,129,129,func_00072851
0x000728D2,1,68,68,func_000728D2
0x00072916,1,394,394,func_00072916
0x00072AA0,1,39,39,func_00072AA0
0x00072AC7,1,348,348,func_00072AC7
0x00072C23,1,610,610,func_00072C23
0x00072E85,1,1320,1320,func_00072E85
0x000733AD,1,1491,1491,func_000733AD
0x00073980,1,351,351,func_00073980
0x00073ADF,1,95,95,func_00073ADF
0x00073B3E,1,699,699,func_00073B3E
0x00073DF9,1,226,226,func_00073DF9
0x00073EDB,1,130,130,func_00073EDB
0x00073F5D,1,199,199,func_00073F5D
0x00074024,1,570,570,func_00074024
0x0007425E,1,671,671,func_0007425E
0x000744FD,1,140,140,func_000744FD
0x00074589,1,148,148,func_00074589
0x0007461D,1,895,895,func_0007461D
0x0007499C,1,286,286,func_0007499C
0x00074ABA,1,56,56,func_00074ABA
0x00074AF2,1,286,286,func_00074AF2
0x00074C10,1,113,113,func_00074C10
0x00074C81,1,585,585,func_00074C81
0x00074ECA,1,567,567,func_00074ECA
0x00075101,1,113,113,func_00075101
0x00075172,1,105,105,func_00075172
0x000751DB,1,1184,1184,func_000751DB
0x0007567B,1,75,75,func_0007567B
0x000756C6,1,259,259,func_000756C6
0x000757C9,1,48,48,func_000757C9
0x000757F9,1,64,64,func_000757F9
0x00075839,1,183,183,func_00075839
0x000758F0,1,120,120,func_000758F0
0x00075968,1,269,269,func_00075968
0x00075A75,1,116,116,func_00075A75
0x00075AE9,1,47,47,func_00075AE9
0x00075B18,1,39,39,func_00075B18
0x00075B3F,1,59,59,func_00075B3F
0x00075B7A,1,120,120,func_00075B7A
0x00075BF2,1,269,269,func_00075BF2
0x00075CFF,1,116,116,func_00075CFF
0x00075D73,1,39,39,func_00075D73
0x00075D9A,1,39,39,func_00075D9A
0x00075DC1,1,71,71,func_00075DC1
0x00075E08,1,115,115,func_00075E08
0x00075E7B,1,39,39,func_00075E7B
0x00075EA2,1,166,166,func_00075EA2
0x00075F48,1,183,183,func_00075F48
0x00075FFF,1,109,109,func_00075FFF
0x0007606C,1,28,28,func_0007606C
0x00076088,1,558,558,func_00076088
0x000762B6,1,272,272,func_000762B6
0x000763C6,1,154,154,func_000763C6
0x00076460,1,163,163,func_00076460
0x00076503,1,57,57,func_00076503
0x0007653C,1,318,318,func_0007653C
0x0007667A,1,87,87,func_0007667A
0x000766D1,1,213,213,func_000766D1
0x000767A6,1,128,128,func_000767A6
0x00076826,1,300,300,func_00076826
0x00076952,1,116,116,func_00076952
0x000769C6,1,39,39,func_000769C6
0x000769ED,1,40,40,func_000769ED
0x00076A15,1,29,29,func_00076A15
0x00076A32,1,93,93,func_00076A32
0x00076A8F,1,101,101,func_00076A8F
0x00076AF4,1,92,92,func_00076AF4
0x00076B50,1,423,423,func_00076B50
0x00076CF7,1,194,194,func_00076CF7
0x00076DB9,1,223,223,func_00076DB9
0x00076E98,1,165,165,func_00076E98
0x00076F3D,1,181,181,func_00076F3D
0x00076FF2,1,377,377,func_00076FF2
0x0007716B,1,469,469,func_0007716B
0x00077340,1,126,126,func_00077340
0x000773BE,1,84,84,func_000773BE
0x00077412,1,551,551,func_00077412
0x00077639,1,383,383,func_00077639
0x000777B8,1,424,424,func_000777B8
0x00077960,1,195,195,func_00077960
0x00077A23,1,224,224,func_00077A23
0x00077B03,1,155,155,func_00077B03
0x00077B9E,1,1687,1687,func_00077B9E
0x00078235,1,558,558,func_00078235
0x00078463,1,139,139,func_00078463
0x000784EE,1,120,120,func_000784EE
0x00078566,1,1572,1572,func_00078566
0x00078B8A,1,239,239,func_00078B8A
0x00078C79,1,175,175,func_00078C79
0x00078D28,1,91,91,func_00078D28
0x00078D83,1,90,90,func_00078D83
0x00078DDD,1,706,706,func_00078DDD
0x0007909F,1,384,384,func_0007909F
0x0007921F,1,162,162,func_0007921F
0x000792C1,1,1214,1214,func_000792C1
0x0007977F,1,99,99,func_0007977F
0x000797E2,1,133,133,func_000797E2
0x00079867,1,172,172,func_00079867
0x00079913,1,274,277,func_00079913
0x00079A28,1,70,70,func_00079A28
0x00079A6E,1,374,374,func_00079A6E
0x00079BE4,1,145,145,func_00079BE4
0x00079C75,1,68,68,func_00079C75
0x00079CB9,1,84,84,func_00079CB9
0x00079D0D,1,353,353,func_00079D0D
0x00079E6E,1,444,444,func_00079E6E
0x0007A02A,1,359,359,func_0007A02A
0x0007A191,1,109,109,func_0007A191
0x0007A1FE,1,64,64,func_0007A1FE
0x0007A23E,1,231,231,func_0007A23E
0x0007A325,1,171,171,func_0007A325
0x0007A3D0,1,91,91,func_0007A3D0
0x0007A42B,1,136,136,func_0007A42B
0x0007A4B3,1,70,70,func_0007A4B3
0x0007A4F9,1,167,167,func_0007A4F9
0x0007A5A0,1,152,152,func_0007A5A0
0x0007A638,1,646,646,func_0007A638
0x0007A8BE,1,197,197,func_0007A8BE
0x0007A983,1,1394,1394,func_0007A983
0x0007AEF5,1,301,301,func_0007AEF5
0x0007B022,1,218,218,func_0007B022
0x0007B0FC,1,294,294,func_0007B0FC
0x0007B222,1,909,909,func_0007B222
0x0007B5AF,1,117,117,func_0007B5AF
0x0007B624,1,265,265,func_0007B624
0x0007B72D,1,47,47,func_0007B72D
0x0007B75C,1,581,581,func_0007B75C
0x0007B9A1,1,1371,1371,func_0007B9A1
0x0007BEFC,1,1334,1334,func_0007BEFC
0x0007C432,1,317,317,func_0007C432
0x0007C56F,1,540,540,func_0007C56F
0x0007C78B,1,292,292,func_0007C78B
0x0007C8AF,1,89,89,func_0007C8AF
0x0007C908,1,93,93,func_0007C908
0x0007C965,1,93,93,func_0007C965
0x0007C9C2,1,93,93,func_0007C9C2
0x0007CA1F,1,102,102,func_0007CA1F
0x0007CA85,1,102,102,func_0007CA85
0x0007CAEB,1,100,100,func_0007CAEB
0x0007CB4F,1,82,82,func_0007CB4F
0x0007CBA1,1,197,197,func_0007CBA1
0x0007CC66,1,254,254,func_0007CC66
0x0007CD64,1,52,52,func_0007CD64
0x0007CD98,1,369,369,func_0007CD98
0x0007CF09,1,100,100,func_0007CF09
0x0007CF6D,1,251,251,func_0007CF6D
0x0007D068,1,114,114,func_0007D068
0x0007D0DA,1,83,83,func_0007D0DA
0x0007D12D,1,110,110,func_0007D12D
0x0007D19B,1,180,180,func_0007D19B
0x0007D24F,1,379,379,func_0007D24F
0x0007D3CA,1,373,373,func_0007D3CA
0x0007D53F,1,154,154,func_0007D53F
0x0007D5D9,1,82,82,func_0007D5D9
0x0007D62B,1,131,131,func_0007D62B
0x0007D6AE,1,60,60,func_0007D6AE
0x0007D6EA,1,57,57,func_0007D6EA
0x0007D723,1,81,81,func_0007D723
0x0007D774,1,70,70,func_0007D774
0x0007D7BA,1,95,95,func_0007D7BA
0x0007D819,1,862,862,func_0007D819
0x0007DB77,1,101,101,func_0007DB77
0x0007DBDC,1,76,76,func_0007DBDC
0x0007DC28,1,417,417,func_0007DC28
0x0007DDC9,1,90,90,func_0007DDC9
0x0007DE23,1,95,95,func_0007DE23
0x0007DE82,1,122,122,func_0007DE82
0x0007DEFC,1,57,57,func_0007DEFC
0x0007DF35,1,217,217,func_0007DF35
0x0007E00E,1,88,88,func_0007E00E
0x0007E066,1,49,49,func_0007E066
0x0007E097,1,100,100,func_0007E097
0x0007E0FB,1,83,83,func_0007E0FB
0x0007E14E,1,89,89,func_0007E14E
0x0007E1A7,1,159,159,func_0007E1A7
0x0007E246,1,214,214,func_0007E246
0x0007E31C,1,52,52,func_0007E31C
0x0007E350,1,125,125,func_0007E350
0x0007E3CD,1,116,116,func_0007E3CD
0x0007E441,1,385,385,func_0007E441
0x0007E5C2,1,396,396,func_0007E5C2
0x0007E74E,1,199,199,func_0007E74E
0x0007E815,1,758,758,func_0007E815
0x0007EB0B,1,285,285,func_0007EB0B
0x0007EC28,1,103,103,func_0007EC28
0x0007EC8F,1,185,185,func_0007EC8F
0x0007ED48,1,36,36,func_0007ED48
0x0007ED6C,1,103,103,func_0007ED6C
0x0007EDD3,1,101,101,func_0007EDD3
0x0007EE38,1,119,119,func_0007EE38
0x0007EEAF,1,41,41,func_0007EEAF
0x0007EED8,1,72,72,func_0007EED8
0x0007EF20,1,102,102,func_0007EF20
0x0007EF86,1,269,269,func_0007EF86
0x0007F093,1,54,54,func_0007F093
0x0007F0C9,1,42,42,func_0007F0C9
0x0007F0F3,1,146,146,func_0007F0F3
0x0007F185,1,94,94,func_0007F185
0x0007F1E3,1,197,197,func_0007F1E3
0x0007F2A8,1,62,62,func_0007F2A8
0x0007F2E6,1,99,99,func_0007F2E6
0x0007F349,1,75,75,func_0007F349
0x0007F394,1,139,139,func_0007F394
0x0007F41F,1,188,188,func_0007F41F
0x0007F4DB,1,64,64,func_0007F4DB
0x0007F51B,1,61,61,func_0007F51B
0x0007F558,1,35,35,func_0007F558
0x0007F57B,1,94,94,func_0007F57B
0x0007F5D9,1,95,95,func_0007F5D9
0x0007F638,1,57,57,func_0007F638
0x0007F671,1,51,51,func_0007F671
0x0007F6A4,1,326,326,func_0007F6A4
0x0007F7EA,1,148,148,func_0007F7EA
0x0007F87E,1,24,24,func_0007F87E
0x0007F896,1,24,24,func_0007F896
0x0007F8AE,1,413,413,func_0007F8AE
0x0007FA4B,1,628,628,func_0007FA4B
0x0007FCBF,1,191,191,func_0007FCBF
0x0007FD7E,1,108,108,func_0007FD7E
0x0007FDEA,1,207,207,func_0007FDEA
0x0007FEB9,1,186,186,func_0007FEB9
0x0007FF73,1,116,116,func_0007FF73
0x0007FFE7,1,106,106,func_0007FFE7
0x00080051,1,339,339,func_00080051
0x000801A4,1,270,270,func_000801A4
0x000802B2,1,188,188,func_000802B2
0x0008036E,1,216,216,func_0008036E
0x00080446,1,130,130,func_00080446
0x000804C8,1,211,211,func_000804C8
0x0008059B,1,156,156,func_0008059B
0x00080637,1,56,56,func_00080637
0x0008066F,1,110,110,func_0008066F
0x000806DD,1,74,74,func_000806DD
0x00080727,1,134,134,func_00080727
0x000807AD,1,69,69,func_000807AD
0x000807F2,1,128,128,func_000807F2
0x00080872,1,107,107,func_00080872
0x000808DD,1,76,76,func_000808DD
0x00080929,1,99,99,func_00080929
0x0008098C,1,80,80,func_0008098C
0x000809DC,1,70,70,func_000809DC
0x00080A22,1,80,80,func_00080A22
0x00080A72,1,230,230,func_00080A72
0x00080B58,1,417,417,func_00080B58
0x00080CF9,1,315,315,func_00080CF9
0x00080E34,1,112,112,func_00080E34
0x00080EA4,1,139,139,func_00080EA4
0x00080F2F,1,124,124,func_00080F2F
0x00080FAB,1,34,34,func_00080FAB
0x00080FCD,1,201,201,func_00080FCD
0x00081096,1,522,522,func_00081096
0x000812A0,1,163,163,func_000812A0
0x00081343,1,226,226,func_00081343
0x00081425,1,2767,2767,func_00081425
0x00081EF4,1,443,443,func_00081EF4
0x000820AF,1,459,459,func_000820AF
0x0008227A,1,252,252,func_0008227A
0x00082376,1,273,273,func_00082376
0x00082487,1,58,58,func_00082487
0x000824C1,1,328,328,func_000824C1
0x00082609,1,78,78,func_00082609
0x00082657,1,68,68,func_00082657
0x0008269B,1,181,181,func_0008269B
0x00082750,1,115,115,func_00082750
0x000827C3,1,1587,1587,func_000827C3
0x00082DF6,1,567,567,func_00082DF6
0x0008302D,1,154,154,func_0008302D
0x000830C7,1,3608,3608,func_000830C7
0x00083EDF,1,1281,1281,func_00083EDF
0x000843E0,1,160,160,func_000843E0
0x00084480,1,123,123,func_00084480
0x000844FB,1,246,246,func_000844FB
0x000845F1,1,459,459,func_000845F1
0x000847BC,1,270,270,func_000847BC
0x000848CA,1,282,282,func_000848CA
0x000849E4,1,152,152,func_000849E4
0x00084A7C,1,994,994,func_00084A7C
0x00084E5E,1,305,305,func_00084E5E
0x00084F8F,1,352,352,func_00084F8F
0x000850EF,1,82,82,func_000850EF
0x00085141,1,34,34,func_00085141
0x00085163,1,219,219,func_00085163
0x0008523E,1,104,104,func_0008523E
0x000852A6,1,353,353,func_000852A6
0x00085407,1,523,523,func_00085407
0x00085612,1,84,84,func_00085612
0x00085666,1,174,174,func_00085666
0x00085714,1,139,139,func_00085714
0x0008579F,1,379,379,func_0008579F
0x0008591A,1,120,120,func_0008591A
0x00085992,1,191,191,func_00085992
0x00085A51,1,353,353,func_00085A51
0x00085BB2,1,330,330,func_00085BB2
0x00085CFC,1,232,232,func_00085CFC
0x00085DE4,1,276,276,func_00085DE4
0x00085EF8,1,279,279,func_00085EF8
0x0008600F,1,50,50,func_0008600F
0x00086041,1,82,82,func_00086041
0x00086093,1,182,182,func_00086093
0x00086149,1,459,459,func_00086149
0x00086314,1,131,131,func_00086314
0x00086397,1,264,264,func_00086397
0x0008649F,1,193,193,func_0008649F
0x00086560,1,188,188,func_00086560
0x0008661C,1,152,152,func_0008661C
0x000866B4,1,224,224,func_000866B4
0x00086794,1,733,733,func_00086794
0x00086A71,1,154,154,func_00086A71
0x00086B0B,1,556,556,func_00086B0B
0x00086D37,1,537,537,func_00086D37
0x00086F50,1,682,682,func_00086F50
0x000871FA,1,135,135,func_000871FA
0x00087281,1,349,349,func_00087281
0x000873DE,1,226,226,func_000873DE
0x000874C0,1,493,493,func_000874C0
0x000876AD,1,688,688,func_000876AD
0x0008795D,1,1044,1044,func_0008795D
0x00087D71,1,247,247,func_00087D71
0x00087E68,1,270,270,func_00087E68
0x00087F76,1,386,386,func_00087F76
0x000880F8,1,283,283,func_000880F8
0x00088213,1,55,55,func_00088213
0x0008824A,1,55,55,func_0008824A
0x00088281,1,720,720,func_00088281
0x00088551,1,481,481,func_00088551
0x00088732,1,400,400,func_00088732
0x000888C2,1,171,171,func_000888C2
0x0008896D,1,112,112,func_0008896D
0x000889DD,1,139,139,func_000889DD
0x00088A68,1,304,304,func_00088A68
0x00088B98,1,118,118,func_00088B98
0x00088C0E,1,231,231,func_00088C0E
0x00088CF5,1,241,241,func_00088CF5
0x00088DE6,1,43,43,func_00088DE6
0x00088E11,1,81,81,func_00088E11
0x00088E62,1,467,467,func_00088E62
0x00089035,1,328,328,func_00089035
0x0008917D,1,105,105,func_0008917D
0x000891E6,1,213,213,func_000891E6
0x000892BB,1,333,333,func_000892BB
0x00089408,1,258,258,func_00089408
0x0008950A,1,288,288,func_0008950A
0x0008962A,1,125,125,func_0008962A
0x000896A7,1,176,176,func_000896A7
0x00089757,1,391,391,func_00089757
0x000898DE,1,81,81,func_000898DE
0x0008992F,1,176,176,func_0008992F
0x000899DF,1,79,79,func_000899DF
0x00089A2E,1,100,100,func_00089A2E
0x00089A92,1,58,58,func_00089A92
0x00089ACC,1,87,87,func_00089ACC
0x00089B23,1,87,87,func_00089B23
0x00089B7A,1,79,79,func_00089B7A
0x00089BC9,1,137,137,func_00089BC9
0x00089C52,1,58,58,func_00089C52
0x00089C8C,1,58,58,func_00089C8C
0x00089CC6,1,58,58,func_00089CC6
0x00089D00,1,79,79,func_00089D00
0x00089D4F,1,79,79,func_00089D4F
0x00089D9E,1,79,79,func_00089D9E
0x00089DED,1,108,108,func_00089DED
0x00089E59,1,58,58,func_00089E59
0x00089E93,1,58,58,func_00089E93
0x00089ECD,1,117,117,func_00089ECD
0x00089F42,1,58,58,func_00089F42
0x00089F7C,1,58,58,func_00089F7C
0x00089FB6,1,63,63,func_00089FB6
0x00089FF5,1,143,143,func_00089FF5
0x0008A084,1,143,143,func_0008A084
0x0008A113,1,118,118,func_0008A113
0x0008A189,1,39,39,func_0008A189
0x0008A1B0,1,39,39,func_0008A1B0
0x0008A1D7,1,39,39,func_0008A1D7
0x0008A1FE,1,58,58,func_0008A1FE
0x0008A238,1,171,171,func_0008A238
0x0008A2E3,1,39,39,func_0008A2E3
0x0008A30A,1,58,58,func_0008A30A
0x0008A344,1,86,86,func_0008A344
0x0008A39A,1,58,58,func_0008A39A
0x0008A3D4,1,58,58,func_0008A3D4
0x0008A40E,1,58,58,func_0008A40E
0x0008A448,1,39,39,func_0008A448
0x0008A46F,1,39,39,func_0008A46F
0x0008A496,1,39,39,func_0008A496
0x0008A4BD,1,39,39,func_0008A4BD
0x0008A4E4,1,108,108,func_0008A4E4
0x0008A550,1,776,776,func_0008A550
0x0008A858,1,180,180,func_0008A858
0x0008A90C,1,151,151,func_0008A90C
0x0008A9A3,1,110,110,func_0008A9A3
0x0008AA11,1,509,509,func_0008AA11
0x0008AC0E,1,141,141,func_0008AC0E
0x0008AC9B,1,296,296,func_0008AC9B
0x0008ADC3,1,379,379,func_0008ADC3
0x0008AF3E,1,278,278,func_0008AF3E
0x0008B054,1,44,44,func_0008B054
0x0008B080,1,332,332,func_0008B080
0x0008B1CC,1,206,206,func_0008B1CC
0x0008B29A,1,167,167,func_0008B29A
0x0008B341,1,169,169,func_0008B341
0x0008B3EA,1,81,81,func_0008B3EA
0x0008B43B,1,80,80,func_0008B43B
0x0008B48B,1,231,231,func_0008B48B
0x0008B572,1,234,234,func_0008B572
0x0008B65C,1,321,321,func_0008B65C
0x0008B79D,1,1356,1356,func_0008B79D
0x0008BCE9,1,103,103,func_0008BCE9
0x0008BD50,1,1250,1250,func_0008BD50
0x0008C232,1,84,84,func_0008C232
0x0008C286,1,81,81,func_0008C286
0x0008C2D7,1,395,395,func_0008C2D7
0x0008C462,1,130,130,func_0008C462
0x0008C4E4,1,130,130,func_0008C4E4
0x0008C566,1,99,99,func_0008C566
0x0008C5C9,1,288,288,func_0008C5C9
0x0008C6E9,1,745,745,func_0008C6E9
0x0008C9D2,1,83,83,func_0008C9D2
0x0008CA25,1,117,117,func_0008CA25
0x0008CA9A,1,409,409,func_0008CA9A
0x0008CC33,1,149,149,func_0008CC33
0x0008CCC8,1,582,582,func_0008CCC8
0x0008CF0E,1,216,216,func_0008CF0E
0x0008CFE6,1,1140,1140,func_0008CFE6
0x0008D45A,1,61,61,func_0008D45A
0x0008D497,1,873,873,func_0008D497
0x0008D800,1,139,139,func_0008D800
0x0008D88B,1,64,65,func_0008D88B
0x0008D8CC,1,237,237,func_0008D8CC
0x0008D9B9,1,34,34,func_0008D9B9
0x0008D9DB,1,65,65,func_0008D9DB
0x0008DA1C,1,49,49,func_0008DA1C
0x0008DA4D,1,68,68,func_0008DA4D
0x0008DA91,1,76,76,func_0008DA91
0x0008DADD,1,68,68,func_0008DADD
0x0008DB21,1,252,252,func_0008DB21
0x0008DC1D,1,59,59,func_0008DC1D
0x0008DC58,1,139,139,func_0008DC58
0x0008DCE3,1,99,99,func_0008DCE3
0x0008DD46,1,56,56,func_0008DD46
0x0008DD7E,1,310,310,func_0008DD7E
0x0008DEB4,1,237,237,func_0008DEB4
0x0008DFA1,1,100,100,func_0008DFA1
0x0008E005,1,149,149,func_0008E005
0x0008E09A,1,91,91,func_0008E09A
0x0008E0F5,1,93,93,func_0008E0F5
0x0008E152,1,378,378,func_0008E152
0x0008E2CC,1,139,139,func_0008E2CC
0x0008E357,1,80,80,func_0008E357
0x0008E3A7,1,80,80,func_0008E3A7
0x0008E3F7,1,80,80,func_0008E3F7
0x0008E447,1,97,97,func_0008E447
0x0008E4A8,1,97,97,func_0008E4A8
0x0008E509,1,86,86,func_0008E509
0x0008E55F,1,101,101,func_0008E55F
0x0008E5C4,1,133,133,func_0008E5C4
0x0008E649,1,124,124,func_0008E649
0x0008E6C5,1,92,92,func_0008E6C5
0x0008E721,1,70,70,func_0008E721
0x0008E767,1,71,71,func_0008E767
0x0008E7AE,1,50,50,func_0008E7AE
0x0008E7E0,1,72,72,func_0008E7E0
0x0008E828,1,193,193,func_0008E828
0x0008E8E9,1,60,60,func_0008E8E9
0x0008E925,1,155,155,func_0008E925
0x0008E9C0,1,96,96,func_0008E9C0
0x0008EA20,1,135,135,func_0008EA20
0x0008EAA7,1,74,74,func_0008EAA7
0x0008EAF1,1,52,52,func_0008EAF1
0x0008EB25,1,45,45,func_0008EB25
0x0008EB52,1,54,54,func_0008EB52
0x0008EB88,1,117,117,func_0008EB88
0x0008EBFD,1,192,192,func_0008EBFD
0x0008ECBD,1,49,49,func_0008ECBD
0x0008ECEE,1,39,39,func_0008ECEE
0x0008ED15,1,61,61,func_0008ED15
0x0008ED52,1,53,53,func_0008ED52
0x0008ED87,1,49,49,func_0008ED87
0x0008EDB8,1,74,74,func_0008EDB8
0x0008EE02,1,70,70,func_0008EE02
0x0008EE48,1,50,50,func_0008EE48
0x0008EE7A,1,66,66,func_0008EE7A
0x0008EEBC,1,609,609,func_0008EEBC
0x0008F11D,1,149,149,func_0008F11D
0x0008F1B2,1,148,148,func_0008F1B2
0x0008F246,1,217,217,func_0008F246
0x0008F31F,1,1403,1403,func_0008F31F
0x0008F89A,1,179,179,func_0008F89A
0x0008F94D,1,148,148,func_0008F94D
0x0008F9E1,1,519,519,func_0008F9E1
0x0008FBE8,1,82,82,func_0008FBE8
0x0008FC3A,1,63,63,func_0008FC3A
0x0008FC79,1,110,110,func_0008FC79
0x0008FCE7,1,353,353,func_0008FCE7
0x0008FE48,1,1049,1049,func_0008FE48
0x00090261,1,300,300,func_00090261
0x0009038D,1,153,153,func_0009038D
0x00090426,1,71,71,func_00090426
0x0009046D,1,261,261,func_0009046D
0x00090572,1,203,203,func_00090572
0x0009063D,1,1533,1533,func_0009063D
0x00090C3A,1,575,575,func_00090C3A
0x00090E79,1,296,296,func_00090E79
0x00090FA1,1,429,429,func_00090FA1
0x0009114E,1,44,44,func_0009114E
0x0009117A,1,205,205,func_0009117A
0x00091247,1,641,641,func_00091247
0x000914C8,1,399,399,func_000914C8
0x00091657,1,24,24,func_00091657
0x0009166F,1,44,44,func_0009166F
0x0009169B,1,341,341,func_0009169B
0x000917F0,1,39,39,func_000917F0
0x00091817,1,245,245,func_00091817
0x0009190C,1,242,242,func_0009190C
0x000919FE,1,77,77,func_000919FE
0x00091A4B,1,78,78,func_00091A4B
0x00091A99,1,231,231,func_00091A99
0x00091B80,1,123,123,func_00091B80
0x00091BFB,1,150,150,func_00091BFB
0x00091C91,1,143,143,func_00091C91
0x00091D20,1,109,109,func_00091D20
0x00091D8D,1,84,84,func_00091D8D
0x00091DE1,1,411,411,func_00091DE1
0x00091F7C,1,151,151,func_00091F7C
0x00092013,1,391,391,func_00092013
0x0009219A,1,50,50,func_0009219A
0x000921CC,1,180,180,func_000921CC
0x00092280,1,74,74,func_00092280
0x000922CA,1,44,44,func_000922CA
0x000922F6,1,83,83,func_000922F6
0x00092349,1,301,301,func_00092349
0x00092476,1,567,567,func_00092476
0x000926AD,1,598,598,func_000926AD
0x00092903,1,756,756,func_00092903
0x00092BF7,1,737,737,func_00092BF7
0x00092ED8,1,1009,1009,func_00092ED8
0x000932C9,1,169,169,func_000932C9
0x00093372,1,388,388,func_00093372
0x000934F6,1,1396,1396,func_000934F6
0x00093A6A,1,367,367,func_00093A6A
0x00093BD9,1,498,498,func_00093BD9
0x00093DCB,1,258,258,func_00093DCB
0x00093ECD,1,24,24,func_00093ECD
0x00093EE5,1,39,39,func_00093EE5
0x00093F0C,1,63,63,func_00093F0C
0x00093F4B,1,39,39,func_00093F4B
0x00093F72,1,63,63,func_00093F72
0x00093FB1,1,109,109,func_00093FB1
0x0009401E,1,582,582,func_0009401E
0x00094264,1,192,192,func_00094264
0x00094324,1,668,668,func_00094324
0x000945C0,1,276,276,func_000945C0
0x000946D4,1,726,726,func_000946D4
0x000949AA,1,944,944,func_000949AA
0x00094D5A,1,90,90,func_00094D5A
0x00094DB4,1,113,113,func_00094DB4
0x00094E25,1,268,268,func_00094E25
0x00094F31,1,119,119,func_00094F31
0x00094FA8,1,1333,1333,func_00094FA8
0x000954DD,1,1011,1011,func_000954DD
0x000958D0,1,689,689,func_000958D0
0x00095B81,1,427,427,func_00095B81
0x00095D2C,1,262,262,func_00095D2C
0x00095E32,1,169,169,func_00095E32
0x00095EDB,1,167,167,func_00095EDB
0x00095F82,1,2048,2048,func_00095F82
0x00096782,1,119,119,func_00096782
0x000967F9,1,78,78,func_000967F9
0x00096847,1,177,177,func_00096847
0x000968F8,1,97,97,func_000968F8
0x00096959,1,62,62,func_00096959
0x00096997,1,125,125,func_00096997
0x00096A14,1,160,160,func_00096A14
0x00096AB4,1,195,195,func_00096AB4
0x00096B77,1,344,344,func_00096B77
0x00096CCF,1,509,509,func_00096CCF
0x00096ECC,1,201,201,func_00096ECC
0x00096F95,1,364,364,func_00096F95
0x00097101,1,192,192,func_00097101
0x000971C1,1,94,94,func_000971C1
0x0009721F,1,82,82,func_0009721F
0x00097271,1,86,86,func_00097271
0x000972C7,1,236,236,func_000972C7
0x000973B3,1,213,213,func_000973B3
0x00097488,1,150,150,func_00097488
0x0009751E,1,248,248,func_0009751E
0x00097616,1,334,334,func_00097616
0x00097764,1,142,142,func_00097764
0x000977F2,1,92,92,func_000977F2
0x0009784E,1,567,567,func_0009784E
0x00097A85,1,165,165,func_00097A85
0x00097B2A,1,175,175,func_00097B2A
0x00097BD9,1,85,85,func_00097BD9
0x00097C2E,1,155,155,func_00097C2E
0x00097CC9,1,145,145,func_00097CC9
0x00097D5A,1,34,34,func_00097D5A
0x00097D7C,1,34,34,func_00097D7C
0x00097D9E,1,34,34,func_00097D9E
0x00097DC0,1,34,34,func_00097DC0
0x00097DE2,1,105,105,func_00097DE2
0x00097E4B,1,292,292,func_00097E4B
0x00097F6F,1,115,115,func_00097F6F
0x00097FE2,1,38,38,func_00097FE2
0x00098008,1,139,139,func_00098008
0x00098093,1,38,38,func_00098093
0x000980B9,1,38,38,func_000980B9
0x000980DF,1,325,325,func_000980DF
0x00098224,1,235,235,func_00098224
0x0009830F,1,383,383,func_0009830F
0x0009848E,1,82,82,func_0009848E
0x000984E0,1,88,88,func_000984E0
0x00098538,1,59,59,func_00098538
0x00098573,1,222,222,func_00098573
0x00098651,1,752,752,func_00098651
0x00098941,1,212,212,func_00098941
0x00098A15,1,267,267,func_00098A15
0x00098B20,1,113,113,func_00098B20
0x00098B91,1,87,87,func_00098B91
0x00098BE8,1,150,150,func_00098BE8
0x00098C7E,1,102,102,func_00098C7E
0x00098CE4,1,569,569,func_00098CE4
0x00098F1D,1,51,51,func_00098F1D
0x00098F50,1,42,42,func_00098F50
0x00098F7A,1,374,374,func_00098F7A
0x000990F0,1,101,101,func_000990F0
0x00099155,1,146,146,func_00099155
0x000991E7,1,42,42,func_000991E7
0x00099211,1,233,233,func_00099211
0x000992FA,1,151,151,func_000992FA
0x00099391,1,58,58,func_00099391
0x000993CB,1,197,197,func_000993CB
0x00099490,1,96,96,func_00099490
0x000994F0,1,141,141,func_000994F0
0x0009957D,1,141,141,func_0009957D
0x0009960A,1,61,62,func_0009960A
0x00099648,1,15,26,func_00099648
0x00099662,1,39,39,func_00099662
0x00099689,1,575,575,func_00099689
0x000998C8,1,90,90,func_000998C8
0x00099922,1,277,277,func_00099922
0x00099A37,1,335,335,func_00099A37
0x00099B86,1,149,149,func_00099B86
0x00099C1B,1,158,158,func_00099C1B
0x00099CB9,1,84,84,func_00099CB9
0x00099D0D,1,104,104,func_00099D0D
0x00099D75,1,685,685,func_00099D75
0x0009A022,1,126,126,func_0009A022
0x0009A0A0,1,153,153,func_0009A0A0
0x0009A139,1,190,190,func_0009A139
0x0009A1F7,1,1016,1016,func_0009A1F7
0x0009A5EF,1,116,116,func_0009A5EF
0x0009A663,1,109,109,func_0009A663
0x0009A6D0,1,116,116,func_0009A6D0
0x0009A744,1,116,116,func_0009A744
0x0009A7B8,1,349,349,func_0009A7B8
0x0009A915,1,126,126,func_0009A915
0x0009A993,1,688,688,func_0009A993
0x0009AC43,1,1695,1695,func_0009AC43
0x0009B2E2,1,869,869,func_0009B2E2
0x0009B647,1,467,467,func_0009B647
0x0009B81A,1,355,355,func_0009B81A
0x0009B97D,1,324,324,func_0009B97D
0x0009BAC1,1,624,624,func_0009BAC1
0x0009BD31,1,263,263,func_0009BD31
0x0009BE38,1,110,110,func_0009BE38
0x0009BEA6,1,356,356,func_0009BEA6
0x0009C00A,1,543,543,func_0009C00A
0x0009C229,1,86,86,func_0009C229
0x0009C27F,1,29,29,func_0009C27F
0x0009C29C,1,331,331,func_0009C29C
0x0009C3E7,1,854,854,func_0009C3E7
0x0009C73D,1,291,291,func_0009C73D
0x0009C860,1,619,619,func_0009C860
0x0009CACB,1,372,372,func_0009CACB
0x0009CC3F,1,243,243,func_0009CC3F
0x0009CD32,1,402,402,func_0009CD32
0x0009CEC4,1,894,894,func_0009CEC4
0x0009D242,1,194,194,func_0009D242
0x0009D304,1,154,154,func_0009D304
0x0009D39E,1,52,52,func_0009D39E
0x0009D3D2,1,181,181,func_0009D3D2
0x0009D487,1,142,142,func_0009D487
0x0009D515,1,151,151,func_0009D515
0x0009D5AC,1,114,114,func_0009D5AC
0x0009D61E,1,218,218,func_0009D61E
0x0009D6F8,1,108,108,func_0009D6F8
0x0009D764,1,345,345,func_0009D764
0x0009D8BD,1,163,163,func_0009D8BD
0x0009D960,1,38,38,func_0009D960
0x0009D986,1,150,150,func_0009D986
0x0009DA1C,1,30,30,func_0009DA1C
0x0009DA3A,1,6,6,func_0009DA3A
0x0009DA40,1,6,6,func_0009DA40
0x0009DA46,1,6,30,func_0009DA46
0x0009DA64,1,77,77,func_0009DA64
0x0009DAB1,1,34,61,func_0009DAB1
0x0009DAEE,1,34,34,func_0009DAEE
0x0009DB10,1,1,1,func_0009DB10
0x0009DB11,1,24,24,func_0009DB11
0x0009DB29,1,22,22,func_0009DB29
0x0009DB3F,1,82,88,func_0009DB3F
0x0009DB97,1,35,35,func_0009DB97
0x0009DBBA,1,14,14,func_0009DBBA
0x0009DBC8,1,6,21,func_0009DBC8
0x0009DBDD,1,14,14,func_0009DBDD
0x0009DBEB,1,7,7,func_0009DBEB
0x0009DBF2,1,7,7,func_0009DBF2
0x0009DBF9,1,5,5,func_0009DBF9
0x0009DBFE,1,27,33,func_0009DBFE
0x0009DC1F,1,6,6,func_0009DC1F
0x0009DC25,1,36,36,func_0009DC25
0x0009DC49,1,16,16,func_0009DC49
0x0009DC59,1,36,36,func_0009DC59
0x0009DC7D,1,453,453,func_0009DC7D
0x0009DE42,1,101,101,func_0009DE42
0x0009DEA7,1,5,5,func_0009DEA7
0x0009DEAC,1,7,8,func_0009DEAC
0x0009DEB4,1,657,657,func_0009DEB4
0x0009E145,1,59,59,func_0009E145
0x0009E180,1,9,12,func_0009E180
0x0009E18C,1,21,21,func_0009E18C
0x0009E1A1,1,224,224,func_0009E1A1
0x0009E281,1,58,58,func_0009E281
0x0009E2BB,1,500,500,func_0009E2BB
0x0009E4AF,1,363,363,func_0009E4AF
0x0009E61A,1,414,414,func_0009E61A
0x0009E7B8,1,42,42,func_0009E7B8
0x0009E7E2,1,54,54,func_0009E7E2
0x0009E818,1,163,163,func_0009E818
0x0009E8BB,1,26,26,func_0009E8BB
0x0009E8D5,1,21,21,func_0009E8D5
0x0009E8EA,1,21,21,func_0009E8EA
0x0009E8FF,1,92,92,func_0009E8FF
0x0009E95B,1,61,61,func_0009E95B
0x0009E998,1,21,21,func_0009E998
0x0009E9AD,1,21,21,func_0009E9AD
0x0009E9C2,1,584,584,func_0009E9C2
0x0009EC0A,1,78,78,func_0009EC0A
0x0009EC58,1,21,21,func_0009EC58
0x0009EC6D,1,21,21,func_0009EC6D
0x0009EC82,1,1489,1489,func_0009EC82
0x0009F253,1,353,353,func_0009F253
0x0009F3B4,1,256,256,func_0009F3B4
0x0009F4B4,1,21,21,func_0009F4B4
0x0009F4C9,1,21,21,func_0009F4C9
0x0009F4DE,1,1225,1225,func_0009F4DE
0x0009F9A7,1,477,477,func_0009F9A7
0x0009FB84,1,245,245,func_0009FB84
0x0009FC79,1,287,287,func_0009FC79
0x0009FD98,1,116,116,func_0009FD98
0x0009FE0C,1,35,35,func_0009FE0C
0x0009FE2F,1,35,35,func_0009FE2F
0x0009FE52,1,35,35,func_0009FE52
0x0009FE75,1,35,35,func_0009FE75
0x0009FE98,1,35,35,func_0009FE98
0x0009FEBB,1,21,21,func_0009FEBB
0x0009FED0,1,21,21,func_0009FED0
0x0009FEE5,1,64,64,func_0009FEE5
0x0009FF25,1,203,203,func_0009FF25
0x0009FFF0,1,31,31,func_0009FFF0
0x000A000F,1,21,21,func_000A000F
0x000A0024,1,28,28,func_000A0024
0x000A0040,1,46,46,func_000A0040
0x000A006E,1,65,65,func_000A006E
0x000A00AF,1,28,28,func_000A00AF
0x000A00CB,1,275,275,func_000A00CB
0x000A01DE,1,41,41,func_000A01DE
0x000A0207,1,21,21,func_000A0207
0x000A021C,1,763,763,func_000A021C
0x000A0517,1,358,358,func_000A0517
0x000A067D,1,378,378,func_000A067D
0x000A07F7,1,508,508,func_000A07F7
0x000A09F3,1,92,92,func_000A09F3
0x000A0A4F,1,117,117,func_000A0A4F
0x000A0AC4,1,21,21,func_000A0AC4
0x000A0AD9,1,105,105,func_000A0AD9
0x000A0B42,1,465,465,func_000A0B42
0x000A0D13,1,87,124,func_000A0D13
0x000A0D8F,1,74,74,func_000A0D8F
0x000A0DD9,1,27,27,func_000A0DD9
0x000A0DF4,1,25,25,func_000A0DF4
0x000A0E0D,1,46,46,func_000A0E0D
0x000A0E3B,1,57,57,func_000A0E3B
0x000A0E74,1,14,14,func_000A0E74
0x000A0E82,1,87,87,func_000A0E82
0x000A0ED9,1,96,96,func_000A0ED9
0x000A0F39,1,35,35,func_000A0F39
0x000A0F5C,1,167,168,func_000A0F5C
0x000A1004,1,31,31,func_000A1004
0x000A1023,1,46,49,func_000A1023
0x000A1054,1,37,37,func_000A1054
0x000A1079,1,30,30,func_000A1079
0x000A1097,1,14,17,func_000A1097
0x000A10A8,1,214,214,func_000A10A8
0x000A117E,1,183,183,func_000A117E
0x000A1235,1,61,61,func_000A1235
0x000A1272,1,52,52,func_000A1272
0x000A12A6,1,17,43,func_000A12A6
0x000A12D1,1,90,91,func_000A12D1
0x000A132C,1,30,32,func_000A132C
0x000A134C,1,6,6,func_000A134C
0x000A1352,1,60,60,func_000A1352
0x000A138E,1,6,6,func_000A138E
0x000A1394,1,52,70,func_000A1394
0x000A13DA,1,29,29,func_000A13DA
0x000A13F7,1,28,31,func_000A13F7
0x000A1416,1,35,35,func_000A1416
0x000A1439,1,35,35,func_000A1439
0x000A145C,1,48,48,func_000A145C
0x000A148C,1,91,92,func_000A148C
0x000A14E8,1,46,46,func_000A14E8
0x000A1516,1,307,307,func_000A1516
0x000A1649,1,35,35,func_000A1649
0x000A166C,1,16,16,func_000A166C
0x000A167C,1,29,30,func_000A167C
0x000A169A,1,5,5,func_000A169A
0x000A169F,1,5,5,func_000A169F
0x000A16A4,1,41,45,func_000A16A4
0x000A16D1,1,39,39,func_000A16D1
0x000A16F8,1,33,40,func_000A16F8
0x000A1720,1,161,161,func_000A1720
0x000A17C1,1,26,27,func_000A17C1
0x000A17DC,1,194,196,func_000A17DC
0x000A18A0,1,35,35,func_000A18A0
0x000A18C3,1,129,129,func_000A18C3
0x000A1944,1,74,90,func_000A1944
0x000A199E,1,8,8,func_000A199E
0x000A19A6,1,2,2,func_000A19A6
0x000A19A8,1,98,98,func_000A19A8
0x000A1A0A,1,12,12,func_000A1A0A
0x000A1A16,1,21,21,func_000A1A16
0x000A1A2B,1,387,387,func_000A1A2B
0x000A1BAE,1,398,398,func_000A1BAE
0x000A1D3C,1,119,119,func_000A1D3C
0x000A1DB3,1,125,125,func_000A1DB3
0x000A1E30,1,21,21,func_000A1E30
0x000A1E45,1,21,21,func_000A1E45
0x000A1E5A,1,66,66,func_000A1E5A
0x000A1E9C,1,57,57,func_000A1E9C
0x000A1ED5,1,136,136,func_000A1ED5
0x000A1F5D,1,118,118,func_000A1F5D
0x000A1FD3,1,118,118,func_000A1FD3
0x000A2049,1,118,118,func_000A2049
0x000A20BF,1,134,134,func_000A20BF
0x000A2145,1,118,118,func_000A2145
0x000A21BB,1,134,134,func_000A21BB
0x000A2241,1,118,118,func_000A2241
0x000A22B7,1,118,118,func_000A22B7
0x000A232D,1,100,100,func_000A232D
0x000A2391,1,141,141,func_000A2391
0x000A241E,1,66,66,func_000A241E
0x000A2460,1,122,122,func_000A2460
0x000A24DA,1,21,21,func_000A24DA
0x000A24EF,1,21,21,func_000A24EF
0x000A2504,1,387,387,func_000A2504
0x000A2687,1,114,114,func_000A2687
0x000A26F9,1,113,113,func_000A26F9
0x000A276A,1,21,21,func_000A276A
0x000A277F,1,12,12,func_000A277F
0x000A278B,1,21,21,func_000A278B
0x000A27A0,1,183,183,func_000A27A0
0x000A2857,1,234,234,func_000A2857
0x000A2941,1,100,100,func_000A2941
0x000A29A5,1,21,21,func_000A29A5
0x000A29BA,1,113,113,func_000A29BA
0x000A2A2B,1,75,75,func_000A2A2B
0x000A2A76,1,14,14,func_000A2A76
0x000A2A84,1,157,157,func_000A2A84
0x000A2B21,1,67,67,func_000A2B21
0x000A2B64,1,570,570,func_000A2B64
0x000A2D9E,1,270,270,func_000A2D9E
0x000A2EAC,1,25,25,func_000A2EAC
0x000A2EC5,1,55,55,func_000A2EC5
0x000A2EFC,1,180,180,func_000A2EFC
0x000A2FB0,1,200,200,func_000A2FB0
0x000A3078,1,27,27,func_000A3078
0x000A3093,1,10,10,func_000A3093
0x000A309D,1,104,104,func_000A309D
0x000A3105,1,36,36,func_000A3105
0x000A3129,1,78,79,func_000A3129
0x000A3178,1,11,7,func_000A3178
0x000A317F,1,39,39,func_000A317F
0x000A31A6,1,33,33,func_000A31A6
0x000A31C7,1,47,47,func_000A31C7
0x000A31F6,1,21,21,func_000A31F6
0x000A320B,1,12,12,func_000A320B
0x000A3217,1,105,105,func_000A3217
0x000A3280,1,137,140,func_000A3280
0x000A330C,1,27,27,func_000A330C
0x000A3327,1,40,41,func_000A3327
0x000A3350,1,62,62,func_000A3350
0x000A338E,1,35,59,func_000A338E
0x000A33C9,1,55,119,func_000A33C9
0x000A3440,1,55,55,func_000A3440
0x000A3477,1,37,37,func_000A3477
0x000A349C,1,28,28,func_000A349C
0x000A34B8,1,102,102,func_000A34B8
0x000A351E,1,98,98,func_000A351E
0x000A3580,1,20,20,func_000A3580
0x000A3594,1,16,32,func_000A3594
0x000A35B4,1,136,136,func_000A35B4
0x000A363C,1,25,25,func_000A363C
0x000A3655,1,40,40,func_000A3655
0x000A367D,1,1,1,func_000A367D
0x000A367E,1,17,17,func_000A367E
0x000A368F,1,133,133,func_000A368F
0x000A3714,1,14,14,func_000A3714
0x000A3722,1,57,57,func_000A3722
0x000A375B,1,135,135,func_000A375B
0x000A37E2,1,30,30,func_000A37E2
0x000A3800,1,5,5,func_000A3800
0x000A3805,1,12,12,func_000A3805
0x000A3811,1,7,23,func_000A3811
0x000A3828,1,12,19,func_000A3828
0x000A383B,1,12,12,func_000A383B
0x000A3847,1,102,102,func_000A3847
0x000A38AD,1,85,85,func_000A38AD
0x000A3902,1,21,21,func_000A3902
0x000A3917,1,50,53,func_000A3917
0x000A394C,1,79,80,func_000A394C
0x000A399C,1,75,75,func_000A399C
0x000A39E7,1,79,79,func_000A39E7
0x000A3A36,1,1,1,func_000A3A36
0x000A3A37,1,189,189,func_000A3A37
0x000A3AF4,1,233,247,func_000A3AF4
0x000A3BEB,1,104,104,func_000A3BEB
0x000A3C53,1,70,70,func_000A3C53
0x000A3C99,1,187,187,func_000A3C99
0x000A3D54,1,44,44,func_000A3D54
0x000A3D80,1,44,44,func_000A3D80
0x000A3DAC,1,124,124,func_000A3DAC
0x000A3E28,1,89,90,func_000A3E28
0x000A3E82,1,21,21,func_000A3E82
0x000A3E97,1,882,882,func_000A3E97
0x000A4209,1,882,882,func_000A4209
0x000A457B,1,21,21,func_000A457B
0x000A4590,1,31,31,func_000A4590
0x000A45AF,1,21,21,func_000A45AF
0x000A45C4,1,687,687,func_000A45C4
0x000A4873,1,687,687,func_000A4873
0x000A4B22,1,21,21,func_000A4B22
0x000A4B37,1,21,21,func_000A4B37
0x000A4B4C,1,69,69,func_000A4B4C
0x000A4B91,1,27,27,func_000A4B91
0x000A4BAC,1,27,27,func_000A4BAC
0x000A4BC7,1,27,27,func_000A4BC7
0x000A4BE2,1,44,44,func_000A4BE2
0x000A4C0E,1,21,21,func_000A4C0E
0x000A4C23,1,21,21,func_000A4C23
0x000A4C38,1,33,33,func_000A4C38
0x000A4C59,1,1151,1151,func_000A4C59
0x000A50D8,1,175,175,func_000A50D8
0x000A5187,1,46,46,func_000A5187
0x000A51B5,1,101,101,func_000A51B5
0x000A521A,1,27,27,func_000A521A
0x000A5235,1,49,49,func_000A5235
0x000A5266,1,317,317,func_000A5266
0x000A53A3,1,183,183,func_000A53A3
0x000A545A,1,328,328,func_000A545A
0x000A55A2,1,1078,1078,func_000A55A2
0x000A59D8,1,21,21,func_000A59D8
0x000A59ED,1,27,27,func_000A59ED
0x000A5A08,1,27,27,func_000A5A08
0x000A5A23,1,27,27,func_000A5A23
0x000A5A3E,1,27,27,func_000A5A3E
0x000A5A59,1,27,27,func_000A5A59
0x000A5A74,1,17,17,func_000A5A74
0x000A5A85,1,27,27,func_000A5A85
0x000A5AA0,1,27,27,func_000A5AA0
0x000A5ABB,1,27,27,func_000A5ABB
0x000A5AD6,1,27,27,func_000A5AD6
0x000A5AF1,1,27,27,func_000A5AF1
0x000A5B0C,1,27,27,func_000A5B0C
0x000A5B27,1,129,129,func_000A5B27
0x000A5BA8,1,27,27,func_000A5BA8
0x000A5BC3,1,21,21,func_000A5BC3
0x000A5BD8,1,566,566,func_000A5BD8
0x000A5E0E,1,167,167,func_000A5E0E
0x000A5EB5,1,21,24,func_000A5EB5
0x000A5ECD,1,53,53,func_000A5ECD
0x000A5F02,1,70,70,func_000A5F02
0x000A5F48,1,33,35,func_000A5F48
0x000A5F6B,1,6,7,func_000A5F6B
0x000A5F72,1,21,21,func_000A5F72
0x000A5F87,1,102,102,func_000A5F87
0x000A5FED,1,72,72,func_000A5FED
0x000A6035,1,32,32,func_000A6035
0x000A6055,1,32,32,func_000A6055
0x000A6075,1,21,21,func_000A6075
0x000A608A,1,21,21,func_000A608A
0x000A609F,1,68,68,func_000A609F
0x000A60E3,1,89,89,func_000A60E3
0x000A613C,1,21,21,func_000A613C
0x000A6151,1,21,21,func_000A6151
0x000A6166,1,487,487,func_000A6166
0x000A634D,1,198,198,func_000A634D
0x000A6413,1,21,21,func_000A6413
0x000A6428,1,21,21,func_000A6428
0x000A643D,1,134,134,func_000A643D
0x000A64C3,1,21,22,func_000A64C3
0x000A64D9,1,61,61,func_000A64D9
0x000A6516,1,61,61,func_000A6516
0x000A6553,1,172,172,func_000A6553
0x000A65FF,1,54,54,func_000A65FF
0x000A6635,1,93,93,func_000A6635
0x000A6692,1,54,54,func_000A6692
0x000A66C8,1,43,43,func_000A66C8
0x000A66F3,1,58,58,func_000A66F3
0x000A672D,1,92,92,func_000A672D
0x000A6789,1,35,35,func_000A6789
0x000A67AC,1,35,35,func_000A67AC
0x000A67CF,1,68,68,func_000A67CF
0x000A6813,1,89,89,func_000A6813
0x000A686C,1,48,48,func_000A686C
0x000A689C,1,35,35,func_000A689C
0x000A68BF,1,53,53,func_000A68BF
0x000A68F4,1,41,41,func_000A68F4
0x000A691D,1,38,38,func_000A691D
0x000A6943,1,39,39,func_000A6943
0x000A696A,1,42,42,func_000A696A
0x000A6994,1,53,53,func_000A6994
0x000A69C9,1,53,53,func_000A69C9
0x000A69FE,1,63,63,func_000A69FE
0x000A6A3D,1,74,74,func_000A6A3D
0x000A6A87,1,54,54,func_000A6A87
0x000A6ABD,1,43,43,func_000A6ABD
0x000A6AE8,1,29,29,func_000A6AE8
0x000A6B05,1,65,65,func_000A6B05
0x000A6B46,1,46,46,func_000A6B46
0x000A6B74,1,108,108,func_000A6B74
0x000A6BE0,1,77,77,func_000A6BE0
0x000A6C2D,1,54,63,func_000A6C2D
0x000A6C6C,1,33,33,func_000A6C6C
0x000A6C8D,1,38,38,func_000A6C8D
0x000A6CB3,1,4,9,func_000A6CB3
0x000A6CBC,1,88,89,func_000A6CBC
0x000A6D15,1,1235,1236,func_000A6D15
0x000A71E9,1,81,81,func_000A71E9
0x000A723A,1,21,21,func_000A723A
0x000A724F,1,455,455,func_000A724F
0x000A7416,1,165,165,func_000A7416
0x000A74BB,1,100,100,func_000A74BB
0x000A751F,1,116,116,func_000A751F
0x000A7593,1,155,155,func_000A7593
0x000A762E,1,21,21,func_000A762E
0x000A7643,1,21,21,func_000A7643
0x000A7658,1,361,361,func_000A7658
0x000A77C1,1,21,21,func_000A77C1
0x000A77D6,1,21,21,func_000A77D6
0x000A77EB,1,3702,3702,func_000A77EB
0x000A8661,1,439,439,func_000A8661
0x000A8818,1,21,21,func_000A8818
0x000A882D,1,21,21,func_000A882D
0x000A8842,1,118,118,func_000A8842
0x000A88B8,1,21,21,func_000A88B8
0x000A88CD,1,60,60,func_000A88CD
0x000A8909,1,31,31,func_000A8909
0x000A8928,1,192,192,func_000A8928
0x000A89E8,1,789,789,func_000A89E8
0x000A8CFD,1,31,31,func_000A8CFD
0x000A8D1C,1,9,10,func_000A8D1C
0x000A8D26,1,8,57,func_000A8D26
0x000A8D5F,1,15,15,func_000A8D5F
0x000A8D6E,1,75,75,func_000A8D6E
0x000A8DB9,1,89,89,func_000A8DB9
0x000A8E12,1,15,15,func_000A8E12
0x000A8E21,1,37,37,func_000A8E21
0x000A8E46,1,106,106,func_000A8E46
0x000A8EB0,1,236,236,func_000A8EB0
0x000A8F9C,1,217,217,func_000A8F9C
0x000A9075,1,103,103,func_000A9075
0x000A90DC,1,37,37,func_000A90DC
0x000A9101,1,15,15,func_000A9101
0x000A9110,1,36,36,func_000A9110
0x000A9134,1,43,43,func_000A9134
0x000A915F,1,85,85,func_000A915F
0x000A91B4,1,110,110,func_000A91B4
0x000A9222,1,39,39,func_000A9222
0x000A9249,1,35,35,func_000A9249
0x000A926C,1,36,36,func_000A926C
0x000A9290,1,27,27,func_000A9290
0x000A92AB,1,30,30,func_000A92AB
0x000A92C9,1,66,66,func_000A92C9
0x000A930B,1,30,30,func_000A930B
0x000A9329,1,193,193,func_000A9329
0x000A93EA,1,319,319,func_000A93EA
0x000A9529,1,19,19,func_000A9529
0x000A953C,1,21,24,func_000A953C
0x000A9554,1,122,122,func_000A9554
0x000A95CE,1,227,227,func_000A95CE
0x000A96B1,1,94,94,func_000A96B1
0x000A970F,1,43,43,func_000A970F
0x000A973A,1,41,41,func_000A973A
0x000A9763,1,41,41,func_000A9763
0x000A978C,1,182,192,func_000A978C
0x000A984C,1,44,44,func_000A984C
0x000A9878,1,19,19,func_000A9878
0x000A988B,1,75,75,func_000A988B
0x000A98D6,1,135,138,func_000A98D6
0x000A9960,1,279,279,func_000A9960
0x000A9A77,1,10,10,func_000A9A77
0x000A9A81,1,6,6,func_000A9A81
0x000A9A87,1,5,5,func_000A9A87
0x000A9A8C,1,6,6,func_000A9A8C
0x000A9A92,1,5,5,func_000A9A92
0x000A9A97,1,6,6,func_000A9A97
0x000A9A9D,1,6,6,func_000A9A9D
0x000A9AA3,1,6,6,func_000A9AA3
0x000A9AA9,1,6,6,func_000A9AA9
0x000A9AAF,1,21,21,func_000A9AAF
0x000A9AC4,1,5,5,func_000A9AC4
0x000A9AC9,1,22,22,func_000A9AC9
0x000A9ADF,1,5,5,func_000A9ADF
0x000A9AE4,1,19,19,func_000A9AE4
0x000A9AF7,1,16,16,func_000A9AF7
0x000A9B07,1,20,20,func_000A9B07
0x000A9B1B,1,16,16,func_000A9B1B
0x000A9B2B,1,25,25,func_000A9B2B
0x000A9B44,1,5,5,func_000A9B44
0x000A9B49,1,26,26,func_000A9B49
0x000A9B63,1,5,5,func_000A9B63
0x000A9B68,1,23,23,func_000A9B68
0x000A9B7F,1,20,20,func_000A9B7F
0x000A9B93,1,24,24,func_000A9B93
0x000A9BAB,1,20,20,func_000A9BAB
0x000A9BBF,1,25,25,func_000A9BBF
0x000A9BD8,1,5,5,func_000A9BD8
0x000A9BDD,1,26,26,func_000A9BDD
0x000A9BF7,1,5,5,func_000A9BF7
0x000A9BFC,1,23,23,func_000A9BFC
0x000A9C13,1,20,20,func_000A9C13
0x000A9C27,1,24,24,func_000A9C27
0x000A9C3F,1,20,20,func_000A9C3F
0x000A9C53,1,25,25,func_000A9C53
0x000A9C6C,1,5,5,func_000A9C6C
0x000A9C71,1,26,26,func_000A9C71
0x000A9C8B,1,5,5,func_000A9C8B
0x000A9C90,1,23,23,func_000A9C90
0x000A9CA7,1,20,20,func_000A9CA7
0x000A9CBB,1,24,24,func_000A9CBB
0x000A9CD3,1,20,20,func_000A9CD3
0x000A9CE7,1,25,25,func_000A9CE7
0x000A9D00,1,5,5,func_000A9D00
0x000A9D05,1,26,26,func_000A9D05
0x000A9D1F,1,5,5,func_000A9D1F
0x000A9D24,1,23,23,func_000A9D24
0x000A9D3B,1,20,20,func_000A9D3B
0x000A9D4F,1,24,24,func_000A9D4F
0x000A9D67,1,20,20,func_000A9D67
0x000A9D7B,1,25,25,func_000A9D7B
0x000A9D94,1,5,5,func_000A9D94
0x000A9D99,1,26,26,func_000A9D99
0x000A9DB3,1,5,5,func_000A9DB3
0x000A9DB8,1,23,23,func_000A9DB8
0x000A9DCF,1,20,20,func_000A9DCF
0x000A9DE3,1,24,24,func_000A9DE3
0x000A9DFB,1,20,20,func_000A9DFB
0x000A9E0F,1,25,25,func_000A9E0F
0x000A9E28,1,5,5,func_000A9E28
0x000A9E2D,1,26,26,func_000A9E2D
0x000A9E47,1,5,5,func_000A9E47
0x000A9E4C,1,23,23,func_000A9E4C
0x000A9E63,1,20,20,func_000A9E63
0x000A9E77,1,24,24,func_000A9E77
0x000A9E8F,1,20,20,func_000A9E8F
0x000A9EA3,1,19,19,func_000A9EA3
0x000A9EB6,1,19,19,func_000A9EB6
0x000A9EC9,1,19,60,func_000A9EC9
0x000A9F05,1,27,76,func_000A9F05
0x000A9F51,1,27,76,func_000A9F51
0x000A9F9D,1,27,76,func_000A9F9D
0x000A9FE9,1,27,35,func_000A9FE9
0x000AA00C,1,27,76,func_000AA00C
0x000AA058,1,203,203,func_000AA058
0x000AA123,1,29,29,func_000AA123
0x000AA140,1,77,77,func_000AA140
0x000AA18D,1,154,154,func_000AA18D
0x000AA227,1,59,59,func_000AA227
0x000AA262,1,33,42,func_000AA262
0x000AA28C,1,49,59,func_000AA28C
0x000AA2C7,1,64,64,func_000AA2C7
0x000AA307,1,545,545,func_000AA307
0x000AA528,1,217,217,func_000AA528
0x000AA601,1,53,53,func_000AA601
0x000AA636,1,134,134,func_000AA636
0x000AA6BC,1,238,238,func_000AA6BC
0x000AA7AA,1,94,94,func_000AA7AA
0x000AA808,1,67,67,func_000AA808
0x000AA84B,1,230,230,func_000AA84B
0x000AA931,1,734,734,func_000AA931
0x000AAC0F,1,504,504,func_000AAC0F
0x000AAE07,1,39,39,func_000AAE07
0x000AAE2E,1,35,38,func_000AAE2E
0x000AAE54,1,32,32,func_000AAE54
0x000AAE74,1,15,15,func_000AAE74
0x000AAE83,1,42,42,func_000AAE83
0x000AAEAD,1,1462,1462,func_000AAEAD
0x000AB463,1,44,44,func_000AB463
0x000AB48F,1,146,146,func_000AB48F
0x000AB521,1,83,83,func_000AB521
0x000AB574,1,36,36,func_000AB574
0x000AB598,1,41,41,func_000AB598
0x000AB5C1,1,242,255,func_000AB5C1
0x000AB6C0,1,24,24,func_000AB6C0
0x000AB6D8,1,123,123,func_000AB6D8
0x000AB753,1,79,79,func_000AB753
0x000AB7A2,1,21,21,func_000AB7A2
0x000AB7B7,1,1057,1057,func_000AB7B7
0x000ABBD8,1,84,84,func_000ABBD8
0x000ABC2C,1,598,598,func_000ABC2C
0x000ABE82,1,619,619,func_000ABE82
0x000AC0ED,1,201,201,func_000AC0ED
0x000AC1B6,1,21,21,func_000AC1B6
0x000AC1CB,1,37,37,func_000AC1CB
0x000AC1F0,1,42,42,func_000AC1F0
0x000AC21A,1,301,301,func_000AC21A
0x000AC347,1,68,68,func_000AC347
0x000AC38B,1,19,19,func_000AC38B
0x000AC39E,1,48,78,func_000AC39E
0x000AC3EC,1,14,14,func_000AC3EC
0x000AC3FA,1,8,8,func_000AC3FA
0x000AC402,1,9,9,func_000AC402
0x000AC40B,1,6,13,func_000AC40B
0x000AC418,1,56,56,func_000AC418
0x000AC450,1,37,37,func_000AC450
0x000AC475,1,77,77,func_000AC475
0x000AC4C2,1,52,71,func_000AC4C2
0x000AC509,1,2,72,func_000AC509
0x000AC551,1,2,153,func_000AC551
0x000AC5EA,1,2,3,func_000AC5EA
0x000AC5ED,1,2,3,func_000AC5ED
0x000AC5F0,1,2,6,func_000AC5F0
0x000AC5F6,1,2,3,func_000AC5F6
0x000AC5F9,1,2,3,func_000AC5F9
0x000AC5FC,1,2,27,func_000AC5FC
0x000AC617,1,2,479,func_000AC617
0x000AC7F6,1,168,168,func_000AC7F6
0x000AC89E,1,87,87,func_000AC89E
0x000AC8F5,1,66,66,func_000AC8F5
0x000AC937,1,252,252,func_000AC937
0x000ACA33,1,49,49,func_000ACA33
0x000ACA64,1,137,137,func_000ACA64
0x000ACAED,1,47,47,func_000ACAED
0x000ACB1C,1,171,171,func_000ACB1C
0x000ACBC7,1,130,130,func_000ACBC7
0x000ACC49,1,6,6,func_000ACC49
0x000ACC4F,1,191,191,func_000ACC4F
0x000ACD0E,1,48,48,func_000ACD0E
0x000ACD3E,1,5,24,func_000ACD3E
0x000ACD56,1,32,54,func_000ACD56
0x000ACD8C,1,144,144,func_000ACD8C
0x000ACE1C,1,21,27,func_000ACE1C
0x000ACE37,1,60,60,func_000ACE37
0x000ACE73,1,437,437,func_000ACE73
0x000AD028,1,563,563,func_000AD028
0x000AD25B,1,203,203,func_000AD25B
0x000AD326,1,37,37,func_000AD326
0x000AD34B,1,164,164,func_000AD34B
0x000AD3EF,1,119,119,func_000AD3EF
0x000AD466,1,641,641,func_000AD466
0x000AD6E7,1,307,307,func_000AD6E7
0x000AD81A,1,91,91,func_000AD81A
0x000AD875,1,36,36,func_000AD875
0x000AD899,1,35,35,func_000AD899
0x000AD8BC,1,97,97,func_000AD8BC
0x000AD91D,1,219,219,func_000AD91D
0x000AD9F8,1,7,7,func_000AD9F8
0x000AD9FF,1,1097,1097,func_000AD9FF
0x000ADE48,1,24,24,func_000ADE48
0x000ADE60,1,16,16,func_000ADE60
0x000ADE70,1,6,6,func_000ADE70
0x000ADE76,1,6,6,func_000ADE76
0x000ADE7C,1,11,11,func_000ADE7C
0x000ADE87,1,21,21,func_000ADE87
0x000ADE9C,1,333,333,func_000ADE9C
0x000ADFE9,1,136,136,func_000ADFE9
0x000AE071,1,638,638,func_000AE071
0x000AE2EF,1,378,378,func_000AE2EF
0x000AE469,1,580,580,func_000AE469
0x000AE6AD,1,536,536,func_000AE6AD
0x000AE8C5,1,390,390,func_000AE8C5
0x000AEA4B,1,190,190,func_000AEA4B
0x000AEB09,1,21,21,func_000AEB09
0x000AEB1E,1,21,21,func_000AEB1E
0x000AEB33,1,42,42,func_000AEB33
0x000AEB5D,1,21,1123,func_000AEB5D
0x000AEFC0,1,32,31,func_000AEFC0
0x000AEFDF,1,26,107,func_000AEFDF
0x000AF04A,1,32,31,func_000AF04A
0x000AF069,1,32,119,func_000AF069
0x000AF0E0,1,36,35,func_000AF0E0
0x000AF103,1,44,43,func_000AF103
0x000AF12E,1,32,92,func_000AF12E
0x000AF18A,1,42,41,func_000AF18A
0x000AF1B3,1,50,49,func_000AF1B3
0x000AF1E4,1,32,86,func_000AF1E4
0x000AF23A,1,46,45,func_000AF23A
0x000AF267,1,40,139,func_000AF267
0x000AF2F2,1,49,48,func_000AF2F2
0x000AF322,1,43,158,func_000AF322
0x000AF3C0,1,50,49,func_000AF3C0
0x000AF3F1,1,50,177,func_000AF3F1
0x000AF4A2,1,56,55,func_000AF4A2
0x000AF4D9,1,56,155,func_000AF4D9
0x000AF574,1,44,43,func_000AF574
0x000AF59F,1,38,83,func_000AF59F
0x000AF5F2,1,3,67,func_000AF5F2
0x000AF635,1,3,27,func_000AF635
0x000AF650,1,64,63,func_000AF650
0x000AF68F,1,58,169,func_000AF68F
0x000AF738,1,48,47,func_000AF738
0x000AF767,1,48,94,func_000AF767
0x000AF7C5,1,3,74,func_000AF7C5
0x000AF80F,1,3,27,func_000AF80F
0x000AF82A,1,66,65,func_000AF82A
0x000AF86B,1,66,183,func_000AF86B
0x000AF922,1,58,57,func_000AF922
0x000AF95B,1,52,97,func_000AF95B
0x000AF9BC,1,3,76,func_000AF9BC
0x000AFA08,1,3,36,func_000AFA08
0x000AFA2C,1,78,77,func_000AFA2C
0x000AFA79,1,72,211,func_000AFA79
0x000AFB4C,1,62,61,func_000AFB4C
0x000AFB89,1,62,108,func_000AFB89
0x000AFBF5,1,3,88,func_000AFBF5
0x000AFC4D,1,3,41,func_000AFC4D
0x000AFC76,1,77,76,func_000AFC76
0x000AFCC2,1,83,158,func_000AFCC2
0x000AFD60,1,32,31,func_000AFD60
0x000AFD7F,1,26,107,func_000AFD7F
0x000AFDEA,1,32,31,func_000AFDEA
0x000AFE09,1,32,119,func_000AFE09
0x000AFE80,1,36,35,func_000AFE80
0x000AFEA3,1,44,43,func_000AFEA3
0x000AFECE,1,32,92,func_000AFECE
0x000AFF2A,1,42,41,func_000AFF2A
0x000AFF53,1,50,49,func_000AFF53
0x000AFF84,1,32,86,func_000AFF84
0x000AFFDA,1,46,45,func_000AFFDA
0x000B0007,1,40,139,func_000B0007
0x000B0092,1,49,48,func_000B0092
0x000B00C2,1,43,158,func_000B00C2
0x000B0160,1,50,49,func_000B0160
0x000B0191,1,50,177,func_000B0191
0x000B0242,1,56,55,func_000B0242
0x000B0279,1,56,155,func_000B0279
0x000B0314,1,44,43,func_000B0314
0x000B033F,1,38,83,func_000B033F
0x000B0392,1,3,67,func_000B0392
0x000B03D5,1,3,27,func_000B03D5
0x000B03F0,1,64,63,func_000B03F0
0x000B042F,1,58,169,func_000B042F
0x000B04D8,1,48,47,func_000B04D8
0x000B0507,1,48,94,func_000B0507
0x000B0565,1,3,74,func_000B0565
0x000B05AF,1,3,27,func_000B05AF
0x000B05CA,1,66,65,func_000B05CA
0x000B060B,1,66,183,func_000B060B
0x000B06C2,1,58,57,func_000B06C2
0x000B06FB,1,52,97,func_000B06FB
0x000B075C,1,3,76,func_000B075C
0x000B07A8,1,3,36,func_000B07A8
0x000B07CC,1,78,77,func_000B07CC
0x000B0819,1,72,211,func_000B0819
0x000B08EC,1,62,61,func_000B08EC
0x000B0929,1,62,108,func_000B0929
0x000B0995,1,3,88,func_000B0995
0x000B09ED,1,3,41,func_000B09ED
0x000B0A16,1,77,76,func_000B0A16
0x000B0A62,1,83,1112,func_000B0A62
0x000B0EBA,1,15,14,func_000B0EBA
0x000B0EC8,1,16,15,func_000B0EC8
0x000B0ED7,1,20,19,func_000B0ED7
0x000B0EEA,1,21,20,func_000B0EEA
0x000B0EFE,1,21,20,func_000B0EFE
0x000B0F12,1,23,22,func_000B0F12
0x000B0F28,1,32,31,func_000B0F28
0x000B0F47,1,34,33,func_000B0F47
0x000B0F68,1,15,14,func_000B0F68
0x000B0F76,1,16,15,func_000B0F76
0x000B0F85,1,20,19,func_000B0F85
0x000B0F98,1,21,20,func_000B0F98
0x000B0FAC,1,21,20,func_000B0FAC
0x000B0FC0,1,23,22,func_000B0FC0
0x000B0FD6,1,32,31,func_000B0FD6
0x000B0FF5,1,34,33,func_000B0FF5
0x000B1016,1,43,42,func_000B1016
0x000B1040,1,44,43,func_000B1040
0x000B106B,1,48,47,func_000B106B
0x000B109A,1,49,48,func_000B109A
0x000B10CA,1,79,78,func_000B10CA
0x000B1118,1,81,80,func_000B1118
0x000B1168,1,90,89,func_000B1168
0x000B11C1,1,92,91,func_000B11C1
0x000B121C,1,43,42,func_000B121C
0x000B1246,1,44,43,func_000B1246
0x000B1271,1,48,47,func_000B1271
0x000B12A0,1,49,48,func_000B12A0
0x000B12D0,1,79,78,func_000B12D0
0x000B131E,1,81,80,func_000B131E
0x000B136E,1,90,89,func_000B136E
0x000B13C7,1,90,91,func_000B13C7
0x000B1422,1,21,21,func_000B1422
0x000B1437,1,234,234,func_000B1437
0x000B1521,1,275,275,func_000B1521
0x000B1634,1,122,122,func_000B1634
0x000B16AE,1,176,176,func_000B16AE
0x000B175E,1,92,92,func_000B175E
0x000B17BA,1,92,92,func_000B17BA
0x000B1816,1,92,92,func_000B1816
0x000B1872,1,21,21,func_000B1872
0x000B1887,1,21,21,func_000B1887
0x000B189C,1,319,319,func_000B189C
0x000B19DB,1,41,41,func_000B19DB
0x000B1A04,1,229,229,func_000B1A04
0x000B1AE9,1,434,434,func_000B1AE9
0x000B1C9B,1,450,450,func_000B1C9B
0x000B1E5D,1,409,409,func_000B1E5D
0x000B1FF6,1,189,189,func_000B1FF6
0x000B20B3,1,414,414,func_000B20B3
0x000B2251,1,326,326,func_000B2251
0x000B2397,1,21,21,func_000B2397
0x000B23AC,1,21,21,func_000B23AC
0x000B23C1,1,320,320,func_000B23C1
0x000B2501,1,21,21,func_000B2501
0x000B2516,1,21,21,func_000B2516
0x000B252B,1,122,122,func_000B252B
0x000B25A5,1,104,104,func_000B25A5
0x000B260D,1,21,21,func_000B260D
0x000B2622,1,21,21,func_000B2622
0x000B2637,1,119,119,func_000B2637
0x000B26AE,1,121,121,func_000B26AE
0x000B2727,1,21,21,func_000B2727
0x000B273C,1,21,21,func_000B273C
0x000B2751,1,208,208,func_000B2751
0x000B2821,1,108,108,func_000B2821
0x000B288D,1,173,173,func_000B288D
0x000B293A,1,515,515,func_000B293A
0x000B2B3D,1,21,21,func_000B2B3D
0x000B2B52,1,42,49,func_000B2B52
0x000B2B83,1,20,20,func_000B2B83
0x000B2B97,1,12,12,func_000B2B97
0x000B2BA3,1,95,100,func_000B2BA3
0x000B2C07,1,29,29,func_000B2C07
0x000B2C24,1,76,76,func_000B2C24
0x000B2C70,1,26,26,func_000B2C70
0x000B2C8A,1,119,119,func_000B2C8A
0x000B2D01,1,145,145,func_000B2D01
0x000B2D92,1,20,20,func_000B2D92
0x000B2DA6,1,61,61,func_000B2DA6
0x000B2DE3,1,74,74,func_000B2DE3
0x000B2E2D,1,44,44,func_000B2E2D
0x000B2E59,1,21,21,func_000B2E59
0x000B2E6E,1,1,1,func_000B2E6E
0x000B2E6F,1,14,14,func_000B2E6F
0x000B2E7D,1,36,36,func_000B2E7D
0x000B2EA1,1,26,26,func_000B2EA1
0x000B2EBB,1,17,29,func_000B2EBB
0x000B2ED8,1,37,37,func_000B2ED8
0x000B2EFD,1,90,90,func_000B2EFD
0x000B2F57,1,55,55,func_000B2F57
0x000B2F8E,1,168,168,func_000B2F8E
0x000B3036,1,267,267,func_000B3036
0x000B3141,1,63,63,func_000B3141
0x000B3180,1,94,94,func_000B3180
0x000B31DE,1,259,259,func_000B31DE
0x000B32E1,1,116,116,func_000B32E1
0x000B3355,1,78,78,func_000B3355
0x000B33A3,1,211,211,func_000B33A3
0x000B3476,1,175,175,func_000B3476
0x000B3525,1,324,324,func_000B3525
0x000B3669,1,119,119,func_000B3669
0x000B36E0,1,3,3,func_000B36E0
0x000B36E3,1,212,212,func_000B36E3
0x000B37B7,1,37,37,func_000B37B7
0x000B37DC,1,82,82,func_000B37DC
0x000B382E,1,10,10,func_000B382E
0x000B3838,1,219,219,func_000B3838
0x000B3913,1,221,221,func_000B3913
0x000B39F0,1,72,72,func_000B39F0
0x000B3A38,1,14,14,func_000B3A38
0x000B3A46,1,18,48,func_000B3A46
0x000B3A76,1,81,859,func_000B3A76
0x000B3DD1,1,32,54,func_000B3DD1
0x000B3E07,1,55,58,func_000B3E07
0x000B3E41,1,34,35,func_000B3E41
0x000B3E64,1,528,528,func_000B3E64
0x000B4074,1,78,111,func_000B4074
0x000B40E3,1,5,19,func_000B40E3
0x000B40F6,1,6,8,func_000B40F6
0x000B40FE,1,6,8,func_000B40FE
0x000B4106,1,6,8,func_000B4106
0x000B410E,1,6,8,func_000B410E
0x000B4116,1,8,10,func_000B4116
0x000B4120,1,8,10,func_000B4120
0x000B412A,1,6,8,func_000B412A
0x000B4132,1,6,7,func_000B4132
0x000B4139,1,8,9,func_000B4139
0x000B4142,1,8,9,func_000B4142
0x000B414B,1,8,9,func_000B414B
0x000B4154,1,8,9,func_000B4154
0x000B415D,1,10,11,func_000B415D
0x000B4168,1,10,11,func_000B4168
0x000B4173,1,8,9,func_000B4173
0x000B417C,1,8,9,func_000B417C
0x000B4185,1,2080,5109,func_000B4185
0x000B557A,1,14,14,func_000B557A
0x000B5588,1,42,42,func_000B5588
0x000B55B2,1,48,48,func_000B55B2
0x000B55E2,1,364,364,func_000B55E2
0x000B574E,1,153,153,func_000B574E
0x000B57E7,1,42,42,func_000B57E7
0x000B5811,1,427,427,func_000B5811
0x000B59BC,1,42,42,func_000B59BC
0x000B59E6,1,252,252,func_000B59E6
0x000B5AE2,1,5,5,func_000B5AE2
0x000B5AE7,1,80,80,func_000B5AE7
0x000B5B37,1,5,5,func_000B5B37
0x000B5B3C,1,106,106,func_000B5B3C
0x000B5BA6,1,17,17,func_000B5BA6
0x000B5BB7,1,53,53,func_000B5BB7
0x000B5BEC,1,128,128,func_000B5BEC
0x000B5C6C,1,127,127,func_000B5C6C
0x000B5CEB,1,199,199,func_000B5CEB
0x000B5DB2,1,69,197,func_000B5DB2
0x000B5E77,1,307,397,func_000B5E77
0x000B6004,1,182,182,func_000B6004
0x000B60BA,1,355,355,func_000B60BA
0x000B621D,1,102,102,func_000B621D
0x000B6283,1,123,123,func_000B6283
0x000B62FE,1,167,183,func_000B62FE
0x000B63B5,1,55,55,func_000B63B5
0x000B63EC,1,25,25,func_000B63EC
0x000B6405,1,67,67,func_000B6405
0x000B6448,1,465,467,func_000B6448
0x000B661B,1,9,141,func_000B661B
0x000B66A8,1,58,56,func_000B66A8
0x000B66E0,1,503,503,func_000B66E0
0x000B68D7,1,10,10,func_000B68D7
0x000B68E1,1,13,13,func_000B68E1
0x000B68EE,1,13,38,func_000B68EE
0x000B6914,1,1,16,func_000B6914
0x000B6924,1,468,468,func_000B6924
0x000B6AF8,1,204,204,func_000B6AF8
0x000B6BC4,1,32,32,func_000B6BC4
0x000B6BE4,1,82,82,func_000B6BE4
0x000B6C36,1,72,72,func_000B6C36
0x000B6C7E,1,202,202,func_000B6C7E
0x000B6D48,1,89,89,func_000B6D48
0x000B6DA1,1,1,1,func_000B6DA1
0x000B6DA2,1,39,40,func_000B6DA2
0x000B6DCA,1,76,76,func_000B6DCA
0x000B6E16,1,129,129,func_000B6E16
0x000B6E97,1,45,45,func_000B6E97
0x000B6EC4,1,51,51,func_000B6EC4
0x000B6EF7,1,233,233,func_000B6EF7
0x000B6FE0,1,25,25,func_000B6FE0
0x000B6FF9,1,18,18,func_000B6FF9
0x000B700B,1,32,32,func_000B700B
0x000B702B,1,49,49,func_000B702B
0x000B705C,1,28,56,func_000B705C
0x000B7094,1,273,273,func_000B7094
0x000B71A5,1,32,43,func_000B71A5
0x000B71D0,1,49,55,func_000B71D0
0x000B7207,1,108,108,func_000B7207
0x000B7273,1,9,9,func_000B7273
0x000B727C,1,17,17,func_000B727C
0x000B728D,1,120,120,func_000B728D
0x000B7305,1,12,17,func_000B7305
0x000B7316,1,82,82,func_000B7316
0x000B7368,1,5,5,func_000B7368
0x000B736D,1,47,47,func_000B736D
0x000B739C,1,29,29,func_000B739C
0x000B73B9,1,31,31,func_000B73B9
0x000B73D8,1,124,124,func_000B73D8
0x000B7454,1,1,1,func_000B7454
0x000B7455,1,134,134,func_000B7455
0x000B74DB,1,67,67,func_000B74DB
0x000B751E,1,92,92,func_000B751E
0x000B757A,1,31,68,func_000B757A
0x000B75BE,1,73,73,func_000B75BE
0x000B7607,1,27,27,func_000B7607
0x000B7622,1,110,110,func_000B7622
0x000B7690,1,1,1,func_000B7690
0x000B7691,1,38,38,func_000B7691
0x000B76B7,1,59,59,func_000B76B7
0x000B76F2,1,14,14,func_000B76F2
0x000B7700,1,82,82,func_000B7700
0x000B7752,1,113,113,func_000B7752
0x000B77C3,1,215,215,func_000B77C3
0x000B789A,1,157,157,func_000B789A
0x000B7937,1,67,67,func_000B7937
0x000B797A,1,358,358,func_000B797A
0x000B7AE0,1,96,96,func_000B7AE0
0x000B7B40,1,962,962,func_000B7B40
0x000B7F02,1,64,64,func_000B7F02
0x000B7F42,1,91,91,func_000B7F42
0x000B7F9D,1,125,125,func_000B7F9D
0x000B801A,1,67,67,func_000B801A
0x000B805D,1,31,31,func_000B805D
0x000B807C,1,64,64,func_000B807C
0x000B80BC,1,1,1,func_000B80BC
0x000B80BD,1,212,212,func_000B80BD
0x000B8191,1,20,20,func_000B8191
0x000B81A5,1,230,230,func_000B81A5
0x000B828B,1,17,17,func_000B828B
0x000B829C,1,16,16,func_000B829C
0x000B82AC,1,191,191,func_000B82AC
0x000B836B,1,194,200,func_000B836B
0x000B8433,1,72,72,func_000B8433
0x000B847B,1,47,53,func_000B847B
0x000B84B0,1,167,167,func_000B84B0
0x000B8557,1,99,99,func_000B8557
0x000B85BA,1,107,107,func_000B85BA
0x000B8625,1,548,548,func_000B8625
0x000B8849,1,462,462,func_000B8849
0x000B8A17,1,195,195,func_000B8A17
0x000B8ADA,1,340,340,func_000B8ADA
0x000B8C2E,1,81,81,func_000B8C2E
0x000B8C7F,1,13,13,func_000B8C7F
0x000B8C8C,1,423,423,func_000B8C8C
0x000B8E33,1,34,34,func_000B8E33
0x000B8E55,1,51,51,func_000B8E55
0x000B8E88,1,44,44,func_000B8E88
0x000B8EB4,1,1,1,func_000B8EB4
0x000B8EB5,1,21,21,func_000B8EB5
0x000B8ECA,1,110,110,func_000B8ECA
0x000B8F38,1,37,37,func_000B8F38
0x000B8F5D,1,278,278,func_000B8F5D
0x000B9073,1,255,255,func_000B9073
0x000B9172,1,132,132,func_000B9172
0x000B91F6,1,155,156,func_000B91F6
0x000B9292,1,146,146,func_000B9292
0x000B9324,1,419,419,func_000B9324
0x000B94C7,1,106,106,func_000B94C7
0x000B9531,1,79,79,func_000B9531
0x000B9580,1,195,195,func_000B9580
0x000B9643,1,276,276,func_000B9643
0x000B9757,1,87,87,func_000B9757
0x000B97AE,1,237,237,func_000B97AE
0x000B989B,1,53,53,func_000B989B
0x000B98D0,1,57,57,func_000B98D0
0x000B9909,1,99,99,func_000B9909
0x000B996C,1,123,123,func_000B996C
0x000B99E7,1,71,71,func_000B99E7
0x000B9A2E,1,130,130,func_000B9A2E
0x000B9AB0,1,59,59,func_000B9AB0
0x000B9AEB,1,85,85,func_000B9AEB
0x000B9B40,1,87,87,func_000B9B40
0x000B9B97,1,157,157,func_000B9B97
0x000B9C34,1,52,52,func_000B9C34
0x000B9C68,1,169,170,func_000B9C68
0x000B9D12,1,5,5,func_000B9D12
0x000B9D17,1,31,31,func_000B9D17
0x000B9D36,1,132,132,func_000B9D36
0x000B9DBA,1,60,60,func_000B9DBA
0x000B9DF6,1,65,65,func_000B9DF6
0x000B9E37,1,231,231,func_000B9E37
0x000B9F1E,1,486,486,func_000B9F1E
0x000BA104,1,144,144,func_000BA104
0x000BA194,1,75,75,func_000BA194
0x000BA1DF,1,81,81,func_000BA1DF
0x000BA230,1,59,59,func_000BA230
0x000BA26B,1,229,229,func_000BA26B
0x000BA350,1,40,40,func_000BA350
0x000BA378,1,691,691,func_000BA378
0x000BA62B,1,48,48,func_000BA62B
0x000BA65B,1,277,277,func_000BA65B
0x000BA770,1,28,28,func_000BA770
0x000BA78C,1,13,14,func_000BA78C
0x000BA79A,1,19,19,func_000BA79A
0x000BA7AD,1,38,38,func_000BA7AD
0x000BA7D3,1,278,278,func_000BA7D3
0x000BA8E9,1,385,385,func_000BA8E9
0x000BAA6A,1,23,23,func_000BAA6A
0x000BAA81,1,16,16,func_000BAA81
0x000BAA91,1,34,34,func_000BAA91
0x000BAAB3,1,4,5,func_000BAAB3
0x000BAAB8,1,25,26,func_000BAAB8
0x000BAAD2,1,58,58,func_000BAAD2
0x000BAB0C,1,107,107,func_000BAB0C
0x000BAB77,1,106,106,func_000BAB77
0x000BABE1,1,167,181,func_000BABE1
0x000BAC96,1,2,2,func_000BAC96
0x000BAC98,1,111,111,func_000BAC98
0x000BAD07,1,18,18,func_000BAD07
0x000BAD19,1,12,12,func_000BAD19
0x000BAD25,1,232,233,func_000BAD25
0x000BAE0E,1,20,20,func_000BAE0E
0x000BAE22,1,40,40,func_000BAE22
0x000BAE4A,1,40,40,func_000BAE4A
0x000BAE72,1,19,19,func_000BAE72
0x000BAE85,1,165,170,func_000BAE85
0x000BAF2F,1,62,62,func_000BAF2F
0x000BAF6D,1,83,83,func_000BAF6D
0x000BAFC0,1,12,12,func_000BAFC0
0x000BAFCC,1,34,34,func_000BAFCC
0x000BAFEE,1,26,26,func_000BAFEE
0x000BB008,1,183,183,func_000BB008
0x000BB0BF,1,225,225,func_000BB0BF
0x000BB1A0,1,15,15,func_000BB1A0
0x000BB1AF,1,6,6,func_000BB1AF
0x000BB1B5,1,13,13,func_000BB1B5
0x000BB1C2,1,26,40,func_000BB1C2
0x000BB1EA,1,50,50,func_000BB1EA
0x000BB21C,1,51,51,func_000BB21C
0x000BB24F,1,46,47,func_000BB24F
0x000BB27E,1,1,1,func_000BB27E
0x000C0100,2,15,15,func_000C0100
0x000C010F,2,34,44,func_000C010F
0x000C013B,2,97,97,func_000C013B
0x000C019C,2,79,79,func_000C019C
0x000C01EB,2,31,821,func_000C01EB
0x000C0520,2,78,96,func_000C0520
0x000C0580,2,54,384,func_000C0580
0x000C0700,2,460,460,func_000C0700
0x000C08CC,2,126,362,func_000C08CC
0x000C0A36,2,107,598,func_000C0A36
0x000C0C8C,2,49,64,func_000C0C8C
0x000C0CCC,2,10,92,func_000C0CCC
0x000C0D28,2,25,156,func_000C0D28
0x000C0DC4,2,8,35,func_000C0DC4
0x000C0DE7,2,5,61,func_000C0DE7
0x000C0E24,2,103,172,func_000C0E24
0x000C0ED0,2,53,1584,func_000C0ED0
0x000C1500,2,340,340,func_000C1500
0x000C1654,2,386,386,func_000C1654
0x000C17D6,2,110,110,func_000C17D6
0x000C1844,2,95,95,func_000C1844
0x000C18A3,2,631,631,func_000C18A3
0x000C1B1A,2,41,41,func_000C1B1A
0x000C1B43,2,87,87,func_000C1B43
0x000C1B9A,2,36,36,func_000C1B9A
0x000C1BBE,2,140,140,func_000C1BBE
0x000C1C4A,2,146,259,func_000C1C4A
0x000C1D4D,2,33,33,func_000C1D4D
0x000C1D6E,2,153,658,func_000C1D6E
0x000C2000,2,67,67,func_000C2000
0x000C2043,2,37,37,func_000C2043
0x000C2068,2,32,32,func_000C2068
0x000C2088,2,187,187,func_000C2088
0x000C2143,2,48,48,func_000C2143
0x000C2173,2,194,2957,func_000C2173
0x000C2D00,2,98,98,func_000C2D00
0x000C2D62,2,31,31,func_000C2D62
0x000C2D81,2,14,14,func_000C2D81
0x000C2D8F,2,41,41,func_000C2D8F
0x000C2DB8,2,77,77,func_000C2DB8
0x000C2E05,2,220,220,func_000C2E05
0x000C2EE1,2,64,64,func_000C2EE1
0x000C2F21,2,69,69,func_000C2F21
0x000C2F66,2,69,69,func_000C2F66
0x000C2FAB,2,74,74,func_000C2FAB
0x000C2FF5,2,225,282,func_000C2FF5
0x000C310F,2,159,159,func_000C310F
0x000C31AE,2,45,127,func_000C31AE
0x000C322D,2,185,185,func_000C322D
0x000C32E6,2,27,27,func_000C32E6
0x000C3301,2,243,317,func_000C3301
0x000C343E,2,215,287,func_000C343E
0x000C355D,2,1283,1283,func_000C355D
0x000C3A60,2,189,295,func_000C3A60
0x000C3B87,2,181,181,func_000C3B87
0x000C3C3C,2,216,216,func_000C3C3C
0x000C3D14,2,148,148,func_000C3D14
0x000C3DA8,2,1,193,func_000C3DA8
0x000C3E69,2,1,149,func_000C3E69
0x000C3EFE,2,205,205,func_000C3EFE
0x000C3FCB,2,162,4661,func_000C3FCB
0x000C5200,2,74,74,func_000C5200
0x000C524A,2,54,54,func_000C524A
0x000C5280,2,132,11392,func_000C5280
0x000C7F00,2,7,7,func_000C7F00
0x000C7F07,2,13,13,func_000C7F07
0x000C7F14,2,132,132,func_000C7F14
0x000C7F98,2,30,65,func_000C7F98
0x000C7FD9,2,27,27,func_000C7FD9
0x000C7FF4,2,23,35,func_000C7FF4
0x000C8017,2,61,118,func_000C8017
0x000C808D,2,63,127,func_000C808D
0x000C810C,2,91,91,func_000C810C
0x000C8167,2,7,7,func_000C8167
0x000C816E,2,132,340,func_000C816E
0x000C82C2,2,83,6087,func_000C82C2
0x000C9A89,2,366,366,func_000C9A89
0x000C9BF7,2,121,121,func_000C9BF7
0x000C9C70,2,73,73,func_000C9C70
0x000C9CB9,2,96,96,func_000C9CB9
0x000C9D19,2,398,398,func_000C9D19
0x000C9EA7,2,11,11,func_000C9EA7
0x000C9EB2,2,86,86,func_000C9EB2
0x000C9F08,2,8,33,func_000C9F08
0x000C9F29,2,38,3799,func_000C9F29
0x000CAE00,2,7,7,func_000CAE00
0x000CAE07,2,7,7,func_000CAE07
0x000CAE0E,2,14,14,func_000CAE0E
0x000CAE1C,2,13,1252,func_000CAE1C
0x000CB300,2,30,30,func_000CB300
0x000CB31E,2,48,48,func_000CB31E
0x000CB34E,2,51,51,func_000CB34E
0x000CB381,2,25,25,func_000CB381
0x000CB39A,2,217,217,func_000CB39A
0x000CB473,2,100,223,func_000CB473
0x000CB552,2,7071,7071,func_000CB552
0x000CD0F1,2,53,53,func_000CD0F1
0x000CD126,2,159,159,func_000CD126
0x000CD1C5,2,73,73,func_000CD1C5
0x000CD20E,2,84,84,func_000CD20E
0x000CD262,2,47,47,func_000CD262
0x000CD291,2,119,119,func_000CD291
0x000CD308,2,18,18,func_000CD308
0x000CD31A,2,18,32,func_000CD31A
0x000CD33A,2,45,45,func_000CD33A
0x000CD367,2,20,469,func_000CD367
0x000CD53C,2,1598,1598,func_000CD53C
0x000CDB7A,2,209,209,func_000CDB7A
0x000CDC4B,2,78,78,func_000CDC4B
0x000CDC99,2,31,31,func_000CDC99
0x000CDCB8,2,45,145,func_000CDCB8
0x000CDD49,2,35,35,func_000CDD49
0x000CDD6C,2,21,21,func_000CDD6C
0x000CDD81,2,39,1407,func_000CDD81
0x000CE300,2,28,28,func_000CE300
0x000CE31C,2,46,199,func_000CE31C
0x000CE3E3,2,26,26,func_000CE3E3
0x000CE3FD,2,56,79,func_000CE3FD
0x000CE44C,2,18,18,func_000CE44C
0x000CE45E,2,15,15,func_000CE45E
0x000CE46D,2,22,22,func_000CE46D
0x000CE483,2,18,27,func_000CE483
0x000CE49E,2,11,11,func_000CE49E
0x000CE4A9,2,12,12,func_000CE4A9
0x000CE4B5,2,15,15,func_000CE4B5
0x000CE4C4,2,28,28,func_000CE4C4
0x000CE4E0,2,26,26,func_000CE4E0
0x000CE4FA,2,361,361,func_000CE4FA
0x000CE663,2,9,9,func_000CE663
0x000CE66C,2,8,46,func_000CE66C
0x000CE69A,2,29,58,func_000CE69A
0x000CE6D4,2,14,14,func_000CE6D4
0x000CE6E2,2,43,43,func_000CE6E2
0x000CE70D,2,66,66,func_000CE70D
0x000CE74F,2,9,9,func_000CE74F
0x000CE758,2,39,39,func_000CE758
0x000CE77F,2,17,17,func_000CE77F
0x000CE790,2,23,23,func_000CE790
0x000CE7A7,2,12,20,func_000CE7A7
0x000CE7BB,2,77,77,func_000CE7BB
0x000CE808,2,32,115,func_000CE808
0x000CE87B,2,18,18,func_000CE87B
0x000CE88D,2,19,19,func_000CE88D
0x000CE8A0,2,18,18,func_000CE8A0
0x000CE8B2,2,18,18,func_000CE8B2
0x000CE8C4,2,17,17,func_000CE8C4
0x000CE8D5,2,67,67,func_000CE8D5
0x000CE918,2,20,20,func_000CE918
0x000CE92C,2,31,43,func_000CE92C
0x000CE957,2,15,374697,func_000CE957
0x0012A100,2,301,304,func_0012A100
0x0012A230,2,33,36,func_0012A230
0x0012A254,2,30,32,func_0012A254
0x0012A274,2,91,92,func_0012A274
0x0012A2D0,2,218,220,func_0012A2D0
0x0012A3AC,2,323,324,func_0012A3AC
0x0012A4F0,2,279,280,func_0012A4F0
0x0012A608,2,246,456,func_0012A608
0x0012A7D0,2,66,160,func_0012A7D0
0x0012A870,2,283,283,func_0012A870
0x0012A98B,2,115,1909,func_0012A98B
0x0012B100,2,54,54,func_0012B100
0x0012B136,2,96,96,func_0012B136
0x0012B196,2,317,317,func_0012B196
0x0012B2D3,2,24,24,func_0012B2D3
0x0012B2EB,2,59,59,func_0012B2EB
0x0012B326,2,199,199,func_0012B326
0x0012B3ED,2,110,110,func_0012B3ED
0x0012B45B,2,35,35,func_0012B45B
0x0012B47E,2,32,32,func_0012B47E
0x0012B49E,2,15,9139,func_0012B49E
0x0012D851,2,54,54,func_0012D851
0x0012D887,2,36,54,func_0012D887
0x0012D8BD,2,145,145,func_0012D8BD
0x0012D94E,2,34,434,func_0012D94E
0x0012DB00,2,37,40,func_0012DB00
0x0012DB28,2,37,40,func_0012DB28
0x0012DB50,2,122,124,func_0012DB50
0x0012DBCC,2,118,120,func_0012DBCC
0x0012DC44,2,216,6332,func_0012DC44
0x0012F500,2,156,156,func_0012F500
0x0012F59C,2,510,512,func_0012F59C
0x0012F79C,2,496,25956,func_0012F79C
0x00135D00,2,228,228,func_00135D00
0x00135DE4,2,85,85,func_00135DE4
0x00135E39,2,84,87,func_00135E39
0x00135E90,2,27,27,func_00135E90
0x00135EAB,2,292,292,func_00135EAB
0x00135FCF,2,87,87,func_00135FCF
0x00136026,2,166,166,func_00136026
0x001360CC,2,34,34,func_001360CC
0x001360EE,2,87,87,func_001360EE
0x00136145,2,46,46,func_00136145
0x00136173,2,69,69,func_00136173
0x001361B8,2,119,119,func_001361B8
0x0013622F,2,83,83,func_0013622F
0x00136282,2,77,77,func_00136282
0x001362CF,2,266,266,func_001362CF
0x001363D9,2,31,31,func_001363D9
0x001363F8,2,37,37,func_001363F8
0x0013641D,2,64,1507,func_0013641D
0x00136A00,2,152,152,func_00136A00
0x00136A98,2,27,28,func_00136A98
0x00136AB4,2,36,36,func_00136AB4
0x00136AD8,2,22,24,func_00136AD8
0x00136AF0,2,149,152,func_00136AF0
0x00136B88,2,79,1144,func_00136B88
0x00137000,2,415,469,func_00137000
0x001371D5,2,234,286,func_001371D5
0x001372F3,2,239,403,func_001372F3
0x00137486,2,24,24,func_00137486
0x0013749E,2,94,94,func_0013749E
0x001374FC,2,24,24,func_001374FC
0x00137514,2,94,118,func_00137514
0x0013758A,2,111,205,func_0013758A
0x00137657,2,113,113,func_00137657
0x001376C8,2,25,25,func_001376C8
0x001376E1,2,26,68,func_001376E1
0x00137725,2,107,223,func_00137725
0x00137804,2,79,28156,func_00137804
0x0013E600,2,60,60,func_0013E600
0x0013E63C,2,96,96,func_0013E63C
0x0013E69C,2,168,168,func_0013E69C
0x0013E744,2,267,267,func_0013E744
0x0013E84F,2,121,121,func_0013E84F
0x0013E8C8,2,601,601,func_0013E8C8
0x0013EB21,2,257,257,func_0013EB21
0x0013EC22,2,257,257,func_0013EC22
0x0013ED23,2,170,170,func_0013ED23
0x0013EDCD,2,170,170,func_0013EDCD
0x0013EE77,2,176,176,func_0013EE77
0x0013EF27,2,176,176,func_0013EF27
0x0013EFD7,2,1002,1002,func_0013EFD7
0x0013F3C1,2,266,2644,func_0013F3C1
0x0013FE15,2,249,249,func_0013FE15
0x0013FF0E,2,87,87,func_0013FF0E
0x0013FF65,2,620,623,func_0013FF65
0x001401D4,2,12,12,func_001401D4
0x001401E0,2,163,164,func_001401E0
0x00140284,2,229,246,func_00140284
0x0014037A,2,53,53,func_0014037A
0x001403AF,2,331,331,func_001403AF
0x001404FA,2,268,268,func_001404FA
0x00140606,2,208,208,func_00140606
0x001406D6,2,184,186,func_001406D6
0x00140790,2,78,78,func_00140790
0x001407DE,2,62,62,func_001407DE
0x0014081C,2,41,41,func_0014081C
0x00140845,2,142,203,func_00140845
0x00140910,2,113,113,func_00140910
0x00140981,2,166,167,func_00140981
0x00140A28,2,6145,7384,func_00140A28
0x00142700,2,99,100,func_00142700
0x00142764,2,42,44,func_00142764
0x00142790,2,24,24,func_00142790
0x001427A8,2,94,3672,func_001427A8
0x00143600,2,254,256,func_00143600
0x00143700,2,63,368,func_00143700
0x00143870,2,105,108,func_00143870
0x001438DC,2,29,32,func_001438DC
0x001438FC,2,24,24,func_001438FC
0x00143914,2,15,72,func_00143914
0x0014395C,2,15,5028,func_0014395C
0x00144D00,2,65,256,func_00144D00
0x00144E00,2,131,132,func_00144E00
0x00144E84,2,22,24,func_00144E84
0x00144E9C,2,59,60,func_00144E9C
0x00144ED8,2,22,24,func_00144ED8
0x00144EF0,2,55,120,func_00144EF0
0x00144F68,2,19,20,func_00144F68
0x00144F7C,2,55,56,func_00144F7C
0x00144FB4,2,19,20,func_00144FB4
0x00144FC8,2,81,84,func_00144FC8
0x0014501C,2,10241,19940,func_0014501C
0x00149E00,2,248,248,func_00149E00
0x00149EF8,2,17,20,func_00149EF8
0x00149F0C,2,64,64,func_00149F0C
0x00149F4C,2,75,76,func_00149F4C
0x00149F98,2,46,872,func_00149F98
0x0014A300,2,911,1938,func_0014A300
0x0014AA92,2,1146,1845,func_0014AA92
0x0014B1C7,2,25,25,func_0014B1C7
0x0014B1E0,2,627,635,func_0014B1E0
0x0014B45B,2,307,1957,func_0014B45B
0x0014BC00,2,52,52,func_0014BC00
0x0014BC34,2,64,213,func_0014BC34
0x0014BD09,2,108,139,func_0014BD09
0x0014BD94,2,73,73,func_0014BD94
0x0014BDDD,2,26,26,func_0014BDDD
0x0014BDF7,2,85,554,func_0014BDF7
0x0014C021,2,240,652,func_0014C021
0x0014C2AD,2,505,1124,func_0014C2AD
0x0014C711,2,81,212,func_0014C711
0x0014C7E5,2,287,287,func_0014C7E5
0x0014C904,2,206,320,func_0014C904
0x0014CA44,2,63,83,func_0014CA44
0x0014CA97,2,65,83,func_0014CA97
0x0014CAEA,2,58,1874,func_0014CAEA
0x0014D23C,2,167,22724,func_0014D23C
0x00152B00,2,167,168,func_00152B00
0x00152BA8,2,51,52,func_00152BA8
0x00152BDC,2,99,100,func_00152BDC
0x00152C40,2,192,192,func_00152C40
0x00152D00,2,387,1264,func_00152D00
0x001531F0,2,19,20,func_001531F0
0x00153204,2,10,12,func_00153204
0x00153210,2,163,164,func_00153210
0x001532B4,2,31,32,func_001532B4
0x001532D4,2,264,556,func_001532D4
0x00153500,2,46,536,func_00153500
0x00153718,2,15,488,func_00153718
0x00153900,2,43,144,func_00153900
0x00153990,2,33,4976,func_00153990
0x00154D00,2,27,32,func_00154D00
0x00154D20,2,133,133,func_00154D20
0x00154DA5,2,93,1891,func_00154DA5
0x00155508,2,264,11270,func_00155508
0x0015810E,2,14,14,func_0015810E
0x0015811C,2,99,772,func_0015811C
0x00158420,2,403,416,func_00158420
0x001585C0,2,182,184,func_001585C0
0x00158678,2,346,348,func_00158678
0x001587D4,2,144,420,func_001587D4
0x00158978,2,139,140,func_00158978
0x00158A04,2,140,140,func_00158A04
0x00158A90,2,139,628,func_00158A90
0x00158D04,2,386,11420,func_00158D04
0x0015B9A0,2,257,2144,func_0015B9A0
0x0015C200,2,96,96,func_0015C200
0x0015C260,2,17,20,func_0015C260
0x0015C274,2,104,104,func_0015C274
0x0015C2DC,2,20,20,func_0015C2DC
0x0015C2F0,2,11,2064,func_0015C2F0
0x0015CB00,2,302,894,func_0015CB00
0x0015CE7E,2,88,154,func_0015CE7E
0x0015CF18,2,289,292,func_0015CF18
0x0015D03C,2,30,32,func_0015D03C
0x0015D05C,2,30,276,func_0015D05C
0x0015D170,2,71,71,func_0015D170
0x0015D1B7,2,50,309,func_0015D1B7
0x0015D2EC,2,45,4372,func_0015D2EC
0x0015E400,2,91,4364,func_0015E400
0x0015F50C,2,71,1780,func_0015F50C
0x0015FC00,2,147,147,func_0015FC00
0x0015FC93,2,20,20,func_0015FC93
0x0015FCA7,2,259,259,func_0015FCA7
0x0015FDAA,2,74,197,func_0015FDAA
0x0015FE6F,2,63,5881,func_0015FE6F
